title,location,price,region,property,building,land_area,util_area
Prodej komerčního objektu (jiného typu) 229 m²,"Mladkov, okres Ústí nad Orlicí",5 490 000 Kč,pardubicky-kraj,jiného typu,smíšená,2764 m,229 m
Prodej komerčního objektu (jiného typu) 229 m²,"Mladkov, okres Ústí nad Orlicí",5 490 000 Kč,pardubicky-kraj,jiného typu,smíšená,2764 m,
Prodej komerčního objektu (jiného typu) 229 m²,"Mladkov, okres Ústí nad Orlicí",5 490 000 Kč,pardubicky-kraj,jiného typu,smíšená,,229 m
Prodej komerčního objektu (jiného typu) 229 m²,"Mladkov, okres Ústí nad Orlicí",5 490 000 Kč,pardubicky-kraj,jiného typu,smíšená,,
Prodej domu 198 m² s pozemkem 1 289 m²,"Anenská Studánka, okres Ústí nad Orlicí",Cena na vyžádání,pardubicky-kraj,samostatný,cihlová,1289 m,198 m
Prodej domu 198 m² s pozemkem 1 289 m²,"Anenská Studánka, okres Ústí nad Orlicí",Cena na vyžádání,pardubicky-kraj,samostatný,cihlová,1289 m,
Prodej domu 198 m² s pozemkem 1 289 m²,"Anenská Studánka, okres Ústí nad Orlicí",Cena na vyžádání,pardubicky-kraj,samostatný,cihlová,,198 m
Prodej domu 198 m² s pozemkem 1 289 m²,"Anenská Studánka, okres Ústí nad Orlicí",Cena na vyžádání,pardubicky-kraj,samostatný,cihlová,,
Pronájem obchodních prostor 73 m²,"Masarykovo náměstí, Přelouč, okres Pardubice",12 500 Kč/měsíc,pardubicky-kraj,osobní,cihlová,,73 m
Pronájem obchodních prostor 73 m²,"Masarykovo náměstí, Přelouč, okres Pardubice",12 500 Kč/měsíc,pardubicky-kraj,osobní,cihlová,,
Prodej domu 118 m² s pozemkem 285 m²,"K Zahrádkám, Srch, okres Pardubice",8 790 000 Kč,pardubicky-kraj,řadový,cihlová,285 m,118 m
Prodej domu 118 m² s pozemkem 285 m²,"K Zahrádkám, Srch, okres Pardubice",8 790 000 Kč,pardubicky-kraj,řadový,cihlová,285 m,
Prodej domu 118 m² s pozemkem 285 m²,"K Zahrádkám, Srch, okres Pardubice",8 790 000 Kč,pardubicky-kraj,řadový,cihlová,,118 m
Prodej domu 118 m² s pozemkem 285 m²,"K Zahrádkám, Srch, okres Pardubice",8 790 000 Kč,pardubicky-kraj,řadový,cihlová,,
Prodej stavebního pozemku 989 m²,"Vysoké Mýto - Svařeň, okres Ústí nad Orlicí",2 250 000 Kč,pardubicky-kraj,veřejný,osobní,,
Prodej domu 3 154 m² s pozemkem 2 554 m²,"Vápenný Podol, okres Chrudim",Cena na vyžádání,pardubicky-kraj,osobní,cihlová,2554 m,3154 m
Prodej zahrady 588 m²,"Sosnová, okres Česká Lípa",600 000 Kč,liberecky-kraj,,588 m,,
Prodej domu 3 154 m² s pozemkem 2 554 m²,"Vápenný Podol, okres Chrudim",Cena na vyžádání,pardubicky-kraj,osobní,cihlová,2554 m,
Prodej domu 3 154 m² s pozemkem 2 554 m²,"Vápenný Podol, okres Chrudim",Cena na vyžádání,pardubicky-kraj,osobní,cihlová,,3154 m
Prodej domu 3 154 m² s pozemkem 2 554 m²,"Vápenný Podol, okres Chrudim",Cena na vyžádání,pardubicky-kraj,osobní,cihlová,,
Pronájem bytu 3+1 73 m²,"Třebenická, Praha 8 - Kobylisy",15 000 Kč/měsíc,praha,družstevní,panelová,,73 m
Pronájem bytu 3+1 73 m²,"Třebenická, Praha 8 - Kobylisy",15 000 Kč/měsíc,praha,družstevní,panelová,,
Prodej stavebního pozemku 1 029 m²,"Šípková, Chomutov",2 490 180 Kč,ustecky-kraj,,1029 m,,
Prodej bytu 3+kk 80 m²,"Slovenská, Chrudim - Chrudim II",4 450 000 Kč,pardubicky-kraj,dobrý stav,panelová,,80 m
Prodej bytu 3+kk 80 m²,"Slovenská, Chrudim - Chrudim II",4 450 000 Kč,pardubicky-kraj,dobrý stav,panelová,,
Prodej domu 120 m² s pozemkem 310 m²,"Václava Otty, Chleby, okres Nymburk",3 500 000 Kč,stredocesky-kraj,osobní,cihlová,310 m,120 m
Prodej domu 120 m² s pozemkem 310 m²,"Václava Otty, Chleby, okres Nymburk",3 500 000 Kč,stredocesky-kraj,osobní,cihlová,310 m,
Prodej domu 120 m² s pozemkem 310 m²,"Václava Otty, Chleby, okres Nymburk",3 500 000 Kč,stredocesky-kraj,osobní,cihlová,,120 m
Prodej domu 120 m² s pozemkem 310 m²,"Václava Otty, Chleby, okres Nymburk",3 500 000 Kč,stredocesky-kraj,osobní,cihlová,,
Pronájem bytu 1+1 42 m²,"Na Panský, Dolní Břežany, okres Praha-západ",10 500 Kč/měsíc,stredocesky-kraj,osobní,cihlová,,42 m
Pronájem bytu 1+1 42 m²,"Na Panský, Dolní Břežany, okres Praha-západ",10 500 Kč/měsíc,stredocesky-kraj,osobní,cihlová,,
Prodej stavebního pozemku 1 001 m²,"Žižice, okres Kladno",3 903 900 Kč,stredocesky-kraj,,1001 m,,
Prodej chaty/chalupy 46 m² s pozemkem 430 m²,"Rudeč, Kostelec nad Labem, okres Mělník",2 650 000 Kč,stredocesky-kraj,samostatný,cihlová,430 m,46 m
Prodej chaty/chalupy 46 m² s pozemkem 430 m²,"Rudeč, Kostelec nad Labem, okres Mělník",2 650 000 Kč,stredocesky-kraj,samostatný,cihlová,430 m,
Prodej chaty/chalupy 46 m² s pozemkem 430 m²,"Rudeč, Kostelec nad Labem, okres Mělník",2 650 000 Kč,stredocesky-kraj,samostatný,cihlová,,46 m
Prodej chaty/chalupy 46 m² s pozemkem 430 m²,"Rudeč, Kostelec nad Labem, okres Mělník",2 650 000 Kč,stredocesky-kraj,samostatný,cihlová,,
Prodej bytu 2+kk 62 m²,"U Radnice, Odolena Voda, okres Praha-východ",4 990 000 Kč,stredocesky-kraj,družstevní,cihlová,,62 m
Prodej bytu 2+kk 62 m²,"U Radnice, Odolena Voda, okres Praha-východ",4 990 000 Kč,stredocesky-kraj,družstevní,cihlová,,
Prodej komerčního objektu (jiného typu) 372 m²,"Horní Vltavice, okres Prachatice",3 490 000 Kč,jihocesky-kraj,jiného typu,montovaná,1777 m,372 m
Prodej komerčního objektu (jiného typu) 372 m²,"Horní Vltavice, okres Prachatice",3 490 000 Kč,jihocesky-kraj,jiného typu,montovaná,1777 m,
Prodej komerčního objektu (jiného typu) 372 m²,"Horní Vltavice, okres Prachatice",3 490 000 Kč,jihocesky-kraj,jiného typu,montovaná,,372 m
Prodej komerčního objektu (jiného typu) 372 m²,"Horní Vltavice, okres Prachatice",3 490 000 Kč,jihocesky-kraj,jiného typu,montovaná,,
Pronájem bytu 3+kk 65 m²,"Pražská, Benátky nad Jizerou - Benátky nad Jizerou II, okres Mladá Boleslav",12 850 Kč/měsíc,stredocesky-kraj,osobní,cihlová,,65 m
Prodej louky 39 669 m²,"Putim, okres Písek",399 215 328 540 Kč,jihocesky-kraj,39669 m,osobní,,
Prodej bytu 3+kk 87 m²,"U Sv. Markéty, Strakonice - Strakonice I",5 155 665 Kč,jihocesky-kraj,novostavba,cihlová,,87 m
Pronájem bytu 3+kk 65 m²,"Pražská, Benátky nad Jizerou - Benátky nad Jizerou II, okres Mladá Boleslav",12 850 Kč/měsíc,stredocesky-kraj,osobní,cihlová,,
Prodej stavebního pozemku 3 884 m²,"Pětikozly, okres Mladá Boleslav",5 500 000 Kč,stredocesky-kraj,3884 m,osobní,,
Prodej bytu 3+kk 87 m²,"U Sv. Markéty, Strakonice - Strakonice I",5 155 665 Kč,jihocesky-kraj,novostavba,cihlová,,
Prodej bytu 2+kk 47 m²,"V Kaštánkách, Pečky, okres Kolín",3 790 000 Kč,stredocesky-kraj,osobní,panelová,,47 m
Prodej domu 75 m² s pozemkem 588 m²,Strakonice - Strakonice I,3 590 000 Kč,jihocesky-kraj,samostatný,udržovaný,588 m,75 m
Prodej zahrady 460 m²,"Svatava, okres Sokolov",850 000 Kč,karlovarsky-kraj,460 m,osobní,,
Prodej stavebního pozemku 1 000 m²,"Lužany, okres Jičín",1 315 000 Kč,kralovehradecky-kraj,1000 m,osobní,,
Prodej bytu 2+kk 47 m²,"V Kaštánkách, Pečky, okres Kolín",3 790 000 Kč,stredocesky-kraj,osobní,panelová,,
Prodej stavebního pozemku 751 m²,"Chotoviny - Jeníčkova Lhota, okres Tábor",2 200 000 Kč,jihocesky-kraj,751 m,osobní,,
Prodej domu 75 m² s pozemkem 588 m²,Strakonice - Strakonice I,3 590 000 Kč,jihocesky-kraj,samostatný,udržovaný,588 m,
Prodej domu 75 m² s pozemkem 588 m²,Strakonice - Strakonice I,3 590 000 Kč,jihocesky-kraj,samostatný,udržovaný,,75 m
Prodej domu 75 m² s pozemkem 588 m²,Strakonice - Strakonice I,3 590 000 Kč,jihocesky-kraj,samostatný,udržovaný,,
Pronájem komerčního pozemku 18 899 m²,"Petrov, okres Hodonín",Cena na vyžádání,jihomoravsky-kraj,18899 m,osobní,,
Pronájem obchodních prostor 134 m²,"5. května, Humpolec, okres Pelhřimov",12 500 Kč/měsíc,kraj-vysocina,osobní,cihlová,,134 m
Pronájem obchodních prostor 134 m²,"5. května, Humpolec, okres Pelhřimov",12 500 Kč/měsíc,kraj-vysocina,osobní,cihlová,,
Pronájem bytu 2+kk 52 m²,"Příční, Střelice, okres Brno-venkov",13 500 Kč/měsíc,jihomoravsky-kraj,osobní,cihlová,,52 m
Pronájem bytu 1+kk 52 m²,"Spolková, Brno - Zábrdovice",12 000 Kč/měsíc,jihomoravsky-kraj,osobní,cihlová,,52 m
Pronájem bytu 3+kk 65 m²,"Chrlická, Brno - Tuřany",16 000 Kč/měsíc,jihomoravsky-kraj,osobní,cihlová,,65 m
Pronájem bytu 2+kk 52 m²,"Příční, Střelice, okres Brno-venkov",13 500 Kč/měsíc,jihomoravsky-kraj,osobní,cihlová,,
Pronájem bytu 1+kk 52 m²,"Spolková, Brno - Zábrdovice",12 000 Kč/měsíc,jihomoravsky-kraj,osobní,cihlová,,
Pronájem bytu 3+kk 65 m²,"Chrlická, Brno - Tuřany",16 000 Kč/měsíc,jihomoravsky-kraj,osobní,cihlová,,
Prodej zahrady 338 m²,"Za vodú, Hrušky, okres Břeclav",460 000 Kč,jihomoravsky-kraj,,osobní,,
Prodej zahrady 3 595 m²,Brno - Kníničky,1 290 000 Kč,jihomoravsky-kraj,,3595 m,,
Pronájem bytu 1+kk 30 m²,"Vltavská, Brno - Starý Lískovec",10 500 Kč/měsíc,jihomoravsky-kraj,osobní,panelová,,30 m
Pronájem bytu 1+kk 30 m²,"Vltavská, Brno - Starý Lískovec",10 500 Kč/měsíc,jihomoravsky-kraj,osobní,panelová,,
Pronájem bytu 1+kk 32 m²,"Kosíkova, Brno - Líšeň",9 900 Kč/měsíc,jihomoravsky-kraj,osobní,panelová,,32 m
Pronájem bytu 1+kk 32 m²,"Kosíkova, Brno - Líšeň",9 900 Kč/měsíc,jihomoravsky-kraj,osobní,panelová,,
Pronájem bytu 3+kk 57 m²,"Poděbradova, Brno - Ponava",17 500 Kč/měsíc,jihomoravsky-kraj,osobní,cihlová,,57 m
Pronájem bytu 3+kk 57 m²,"Poděbradova, Brno - Ponava",17 500 Kč/měsíc,jihomoravsky-kraj,osobní,cihlová,,
Prodej bytu 3+1 90 m²,"Veveří, Brno - Veveří",8 000 000 Kč,jihomoravsky-kraj,družstevní,cihlová,,90 m
Prodej bytu 3+1 90 m²,"Veveří, Brno - Veveří",8 000 000 Kč,jihomoravsky-kraj,družstevní,cihlová,,
Prodej bytu 1+kk 44 m²,"U Leskavy, Brno - Starý Lískovec",5 303 000 Kč,jihomoravsky-kraj,dobrý stav,cihlová,,44 m
Pronájem skladovacích prostor 2 956 m²,"Trnkova, Brno - Líšeň",Cena na vyžádání,jihomoravsky-kraj,skladovací prostory,smíšená,,2956 m
Prodej bytu 1+kk 44 m²,"U Leskavy, Brno - Starý Lískovec",5 303 000 Kč,jihomoravsky-kraj,dobrý stav,cihlová,,
Pronájem skladovacích prostor 2 956 m²,"Trnkova, Brno - Líšeň",Cena na vyžádání,jihomoravsky-kraj,skladovací prostory,smíšená,,
Prodej bytu 2+kk 151 m²,"Brněnská Pole, Šlapanice, okres Brno-venkov",5 890 000 Kč,jihomoravsky-kraj,osobní,cihlová,,151 m
Prodej bytu 2+kk 151 m²,"Brněnská Pole, Šlapanice, okres Brno-venkov",5 890 000 Kč,jihomoravsky-kraj,osobní,cihlová,,
Pronájem bytu 2+1 67 m²,"Botanická, Brno - Ponava",12 990 Kč/měsíc,jihomoravsky-kraj,osobní,cihlová,,67 m
Pronájem bytu 2+1 67 m²,"Botanická, Brno - Ponava",12 990 Kč/měsíc,jihomoravsky-kraj,osobní,cihlová,,
Pronájem kanceláře 23 m²,"Holandská, Brno - Štýřice",27 380 Kč/měsíc,jihomoravsky-kraj,jiný,skeletová,,23 m
Prodej domu 147 m² s pozemkem 172 m²,"Myslbekova, Brno - Židenice",13 250 000 Kč,jihomoravsky-kraj,řadový,cihlová,172 m,147 m
Pronájem kanceláře 23 m²,"Holandská, Brno - Štýřice",27 380 Kč/měsíc,jihomoravsky-kraj,jiný,skeletová,,
Prodej domu 147 m² s pozemkem 172 m²,"Myslbekova, Brno - Židenice",13 250 000 Kč,jihomoravsky-kraj,řadový,cihlová,172 m,
Prodej domu 147 m² s pozemkem 172 m²,"Myslbekova, Brno - Židenice",13 250 000 Kč,jihomoravsky-kraj,řadový,cihlová,,147 m
Prodej domu 147 m² s pozemkem 172 m²,"Myslbekova, Brno - Židenice",13 250 000 Kč,jihomoravsky-kraj,řadový,cihlová,,
Prodej domu 130 m² s pozemkem 135 m²,"Horní Valy, Ivanovice na Hané, okres Vyškov",2 600 000 Kč,jihomoravsky-kraj,osobní,cihlová,135 m,130 m
Prodej domu 130 m² s pozemkem 135 m²,"Horní Valy, Ivanovice na Hané, okres Vyškov",2 600 000 Kč,jihomoravsky-kraj,osobní,cihlová,135 m,
Prodej domu 130 m² s pozemkem 135 m²,"Horní Valy, Ivanovice na Hané, okres Vyškov",2 600 000 Kč,jihomoravsky-kraj,osobní,cihlová,,130 m
Prodej domu 130 m² s pozemkem 135 m²,"Horní Valy, Ivanovice na Hané, okres Vyškov",2 600 000 Kč,jihomoravsky-kraj,osobní,cihlová,,
Prodej domu 144 m² s pozemkem 237 m²,"Miroslavské Knínice, okres Znojmo",3 900 000 Kč,jihomoravsky-kraj,rohový,smíšená,237 m,144 m
Prodej domu 144 m² s pozemkem 237 m²,"Miroslavské Knínice, okres Znojmo",3 900 000 Kč,jihomoravsky-kraj,rohový,smíšená,237 m,
Prodej domu 144 m² s pozemkem 237 m²,"Miroslavské Knínice, okres Znojmo",3 900 000 Kč,jihomoravsky-kraj,rohový,smíšená,,144 m
Prodej domu 144 m² s pozemkem 237 m²,"Miroslavské Knínice, okres Znojmo",3 900 000 Kč,jihomoravsky-kraj,rohový,smíšená,,
Prodej bytu 2+kk 40 m²,"Na Větřáku, Jedovnice, okres Blansko",4 150 000 Kč,jihomoravsky-kraj,osobní,cihlová,,40 m
Prodej bytu 2+kk 40 m²,"Na Větřáku, Jedovnice, okres Blansko",4 150 000 Kč,jihomoravsky-kraj,osobní,cihlová,,
Prodej chaty/chalupy 228 m²,"Stárkov - Bystré, okres Náchod",6 900 000 Kč,kralovehradecky-kraj,osobní,cihlová,,228 m
Prodej stavebního pozemku 6 383 m²,"Hronov, okres Náchod",3 990 000 Kč,kralovehradecky-kraj,,osobní,,
Prodej chaty/chalupy 228 m²,"Stárkov - Bystré, okres Náchod",6 900 000 Kč,kralovehradecky-kraj,osobní,cihlová,,
Prodej bytu 3+1 71 m²,"Filipova, Brno - Bystrc",7 759 000 Kč,jihomoravsky-kraj,71 m,panelová,,
Pronájem kanceláře 198 m²,"Žižkova, Hořice, okres Jičín",32 000 Kč/měsíc,kralovehradecky-kraj,kanceláře,cihlová,,198 m
Pronájem kanceláře 198 m²,"Žižkova, Hořice, okres Jičín",32 000 Kč/měsíc,kralovehradecky-kraj,kanceláře,cihlová,,
Prodej domu 117 m² s pozemkem 1 292 m²,"Vápenická, Vrchlabí, okres Trutnov",11 174 000 Kč,kralovehradecky-kraj,jiný,cihlová,1292 m,117 m
Prodej domu 230 m² s pozemkem 645 m²,"Rudník, okres Trutnov",4 990 000 Kč,kralovehradecky-kraj,osobní,cihlová,645 m,230 m
Prodej domu 117 m² s pozemkem 1 292 m²,"Vápenická, Vrchlabí, okres Trutnov",11 174 000 Kč,kralovehradecky-kraj,jiný,cihlová,1292 m,
Prodej domu 117 m² s pozemkem 1 292 m²,"Vápenická, Vrchlabí, okres Trutnov",11 174 000 Kč,kralovehradecky-kraj,jiný,cihlová,,117 m
Prodej domu 117 m² s pozemkem 1 292 m²,"Vápenická, Vrchlabí, okres Trutnov",11 174 000 Kč,kralovehradecky-kraj,jiný,cihlová,,
Prodej domu 230 m² s pozemkem 645 m²,"Rudník, okres Trutnov",4 990 000 Kč,kralovehradecky-kraj,osobní,cihlová,645 m,
Prodej domu 230 m² s pozemkem 645 m²,"Rudník, okres Trutnov",4 990 000 Kč,kralovehradecky-kraj,osobní,cihlová,,230 m
Prodej domu 230 m² s pozemkem 645 m²,"Rudník, okres Trutnov",4 990 000 Kč,kralovehradecky-kraj,osobní,cihlová,,
Prodej zemědělského objektu 150 m²,"Jičíněves - Žitětín, okres Jičín",4 650 000 Kč,kralovehradecky-kraj,osobní,smíšená,,150 m
Prodej zemědělského objektu 150 m²,"Jičíněves - Žitětín, okres Jičín",4 650 000 Kč,kralovehradecky-kraj,osobní,smíšená,,
Prodej restaurace 568 m²,"Studnice, okres Náchod",5 900 000 Kč,kralovehradecky-kraj,osobní,smíšená,,568 m
Pronájem skladovacích prostor 288 m²,"Bratří Štefanů, Hradec Králové - Slezské Předměstí",Cena na vyžádání,kralovehradecky-kraj,skladovací prostory,skeletová,288 m,288 m
Prodej restaurace 568 m²,"Studnice, okres Náchod",5 900 000 Kč,kralovehradecky-kraj,osobní,smíšená,,
Pronájem skladovacích prostor 288 m²,"Bratří Štefanů, Hradec Králové - Slezské Předměstí",Cena na vyžádání,kralovehradecky-kraj,skladovací prostory,skeletová,288 m,
Pronájem skladovacích prostor 288 m²,"Bratří Štefanů, Hradec Králové - Slezské Předměstí",Cena na vyžádání,kralovehradecky-kraj,skladovací prostory,skeletová,,288 m
Pronájem skladovacích prostor 288 m²,"Bratří Štefanů, Hradec Králové - Slezské Předměstí",Cena na vyžádání,kralovehradecky-kraj,skladovací prostory,skeletová,,
Pronájem ubytovacího objektu 20 m²,"Koutníkova, Hradec Králové - Plotiště nad Labem",3 500 Kč/měsíc,kralovehradecky-kraj,ubytovací objekty,dobrý stav,,20 m
Pronájem ubytovacího objektu 20 m²,"Koutníkova, Hradec Králové - Plotiště nad Labem",3 500 Kč/měsíc,kralovehradecky-kraj,ubytovací objekty,dobrý stav,,
Prodej komerčního objektu (jiného typu) 230 m²,"Rudník, okres Trutnov",4 990 000 Kč,kralovehradecky-kraj,osobní,cihlová,,230 m
Prodej komerčního objektu (jiného typu) 230 m²,"Rudník, okres Trutnov",4 990 000 Kč,kralovehradecky-kraj,osobní,cihlová,,
Prodej domu 191 m² s pozemkem 1 369 m²,"J. Masaryka, Malé Svatoňovice, okres Trutnov",9 455 000 Kč,kralovehradecky-kraj,jiný,cihlová,1369 m,191 m
Pronájem skladovacích prostor 7 047 m²,"Rychnovská, Solnice, okres Rychnov nad Kněžnou",Cena na vyžádání,kralovehradecky-kraj,skladovací prostory,smíšená,,7047 m
Prodej domu 191 m² s pozemkem 1 369 m²,"J. Masaryka, Malé Svatoňovice, okres Trutnov",9 455 000 Kč,kralovehradecky-kraj,jiný,cihlová,1369 m,
Prodej domu 191 m² s pozemkem 1 369 m²,"J. Masaryka, Malé Svatoňovice, okres Trutnov",9 455 000 Kč,kralovehradecky-kraj,jiný,cihlová,,191 m
Prodej domu 191 m² s pozemkem 1 369 m²,"J. Masaryka, Malé Svatoňovice, okres Trutnov",9 455 000 Kč,kralovehradecky-kraj,jiný,cihlová,,
Pronájem skladovacích prostor 7 047 m²,"Rychnovská, Solnice, okres Rychnov nad Kněžnou",Cena na vyžádání,kralovehradecky-kraj,skladovací prostory,smíšená,,
Pronájem ubytovacího objektu,"Třída Čsl. armády, Nový Bydžov, okres Hradec Králové",5 000 Kč/měsíc,kralovehradecky-kraj,osobní,cihlová,,
Pronájem bytu 2+1 91 m²,"Třída Čsl. armády, Nový Bydžov, okres Hradec Králové",9 000 Kč/měsíc,kralovehradecky-kraj,dobrý stav,cihlová,,91 m
Prodej pozemku 4 511 m²,"K Dolíkám, Hradec Králové - Svobodné Dvory",Cena na vyžádání,kralovehradecky-kraj,,osobní,,
Pronájem bytu 2+1 91 m²,"Třída Čsl. armády, Nový Bydžov, okres Hradec Králové",9 000 Kč/měsíc,kralovehradecky-kraj,dobrý stav,cihlová,,
Prodej chaty/chalupy 372 m² s pozemkem 8 542 m²,"Chotěvice, okres Trutnov",9 890 000 Kč,kralovehradecky-kraj,jiný,cihlová,8542 m,372 m
Prodej chaty/chalupy 372 m² s pozemkem 8 542 m²,"Chotěvice, okres Trutnov",9 890 000 Kč,kralovehradecky-kraj,jiný,cihlová,8542 m,
Prodej chaty/chalupy 372 m² s pozemkem 8 542 m²,"Chotěvice, okres Trutnov",9 890 000 Kč,kralovehradecky-kraj,jiný,cihlová,,372 m
Prodej chaty/chalupy 372 m² s pozemkem 8 542 m²,"Chotěvice, okres Trutnov",9 890 000 Kč,kralovehradecky-kraj,jiný,cihlová,,
Prodej pole 8 000 m²,"K Břízkám, Hradec Králové - Malšova Lhota",Cena na vyžádání,kralovehradecky-kraj,8000 m,osobní,,
Prodej pole 5 167 m²,"K Dolíkám, Hradec Králové - Svobodné Dvory",Cena na vyžádání,kralovehradecky-kraj,5167 m,osobní,,
Prodej bytu 1+1 40 m²,"Břevnická, Chotěboř, okres Havlíčkův Brod",2 190 000 Kč,kraj-vysocina,družstevní,panelová,,40 m
Prodej bytu 1+1 40 m²,"Břevnická, Chotěboř, okres Havlíčkův Brod",2 190 000 Kč,kraj-vysocina,družstevní,panelová,,
Pronájem obchodních prostor 351 m²,"Novoměstská, Žďár nad Sázavou - Žďár nad Sázavou 1",Cena na vyžádání,kraj-vysocina,osobní,smíšená,,351 m
Pronájem obchodních prostor 351 m²,"Novoměstská, Žďár nad Sázavou - Žďár nad Sázavou 1",Cena na vyžádání,kraj-vysocina,osobní,smíšená,,
Prodej domu 100 m² s pozemkem 1 312 m²,"Velká Chyška, okres Pelhřimov",990 000 Kč,kraj-vysocina,osobní,smíšená,1312 m,100 m
Prodej domu 100 m² s pozemkem 1 312 m²,"Velká Chyška, okres Pelhřimov",990 000 Kč,kraj-vysocina,osobní,smíšená,1312 m,
Prodej domu 100 m² s pozemkem 1 312 m²,"Velká Chyška, okres Pelhřimov",990 000 Kč,kraj-vysocina,osobní,smíšená,,100 m
Prodej domu 100 m² s pozemkem 1 312 m²,"Velká Chyška, okres Pelhřimov",990 000 Kč,kraj-vysocina,osobní,smíšená,,
Prodej domu 194 m² s pozemkem 738 m²,"Michalovice, okres Havlíčkův Brod",6 990 000 Kč,kraj-vysocina,osobní,cihlová,738 m,194 m
Prodej domu 158 m² s pozemkem 281 m²,"Boženy Němcové, Borohrádek, okres Rychnov nad Kněžnou",3 590 000 Kč,kralovehradecky-kraj,řadový,cihlová,281 m,158 m
Prodej domu 194 m² s pozemkem 738 m²,"Michalovice, okres Havlíčkův Brod",6 990 000 Kč,kraj-vysocina,osobní,cihlová,738 m,
Prodej domu 194 m² s pozemkem 738 m²,"Michalovice, okres Havlíčkův Brod",6 990 000 Kč,kraj-vysocina,osobní,cihlová,,194 m
Prodej domu 194 m² s pozemkem 738 m²,"Michalovice, okres Havlíčkův Brod",6 990 000 Kč,kraj-vysocina,osobní,cihlová,,
Prodej domu 158 m² s pozemkem 281 m²,"Boženy Němcové, Borohrádek, okres Rychnov nad Kněžnou",3 590 000 Kč,kralovehradecky-kraj,řadový,cihlová,281 m,
Prodej domu 158 m² s pozemkem 281 m²,"Boženy Němcové, Borohrádek, okres Rychnov nad Kněžnou",3 590 000 Kč,kralovehradecky-kraj,řadový,cihlová,,158 m
Prodej domu 158 m² s pozemkem 281 m²,"Boženy Němcové, Borohrádek, okres Rychnov nad Kněžnou",3 590 000 Kč,kralovehradecky-kraj,řadový,cihlová,,
Pronájem kanceláře 1 040 m²,"U Dlouhé stěny, Jihlava",75 000 Kč/měsíc,kraj-vysocina,osobní,cihlová,,1040 m
Pronájem kanceláře 1 040 m²,"U Dlouhé stěny, Jihlava",75 000 Kč/měsíc,kraj-vysocina,osobní,cihlová,,
Pronájem kanceláře 760 m²,"U Dlouhé stěny, Jihlava",68 000 Kč/měsíc,kraj-vysocina,osobní,cihlová,,760 m
Pronájem kanceláře 760 m²,"U Dlouhé stěny, Jihlava",68 000 Kč/měsíc,kraj-vysocina,osobní,cihlová,,
Pronájem bytu 2+1 55 m²,"Mikuláškova, Třebíč - Nové Dvory",10 000 Kč/měsíc,kraj-vysocina,osobní,panelová,,55 m
Pronájem bytu 2+1 55 m²,"Mikuláškova, Třebíč - Nové Dvory",10 000 Kč/měsíc,kraj-vysocina,osobní,panelová,,
Prodej domu 173 m² s pozemkem 610 m²,"Střítež, okres Jihlava",Cena na vyžádání,kraj-vysocina,v bloku,smíšená,610 m,173 m
Prodej domu 173 m² s pozemkem 610 m²,"Střítež, okres Jihlava",Cena na vyžádání,kraj-vysocina,v bloku,smíšená,610 m,
Prodej domu 173 m² s pozemkem 610 m²,"Střítež, okres Jihlava",Cena na vyžádání,kraj-vysocina,v bloku,smíšená,,173 m
Prodej domu 173 m² s pozemkem 610 m²,"Střítež, okres Jihlava",Cena na vyžádání,kraj-vysocina,v bloku,smíšená,,
Prodej domu 820 m² s pozemkem 1 591 m²,"Senožaty, okres Pelhřimov",7 990 000 Kč,kraj-vysocina,osobní,smíšená,1591 m,820 m
Prodej domu 820 m² s pozemkem 1 591 m²,"Senožaty, okres Pelhřimov",7 990 000 Kč,kraj-vysocina,osobní,smíšená,1591 m,
Prodej domu 820 m² s pozemkem 1 591 m²,"Senožaty, okres Pelhřimov",7 990 000 Kč,kraj-vysocina,osobní,smíšená,,820 m
Prodej domu 820 m² s pozemkem 1 591 m²,"Senožaty, okres Pelhřimov",7 990 000 Kč,kraj-vysocina,osobní,smíšená,,
Pronájem bytu 2+kk 52 m²,"Habrová, Pelhřimov",10 000 Kč/měsíc,kraj-vysocina,novostavba,cihlová,,52 m
Pronájem bytu 2+kk 52 m²,"Habrová, Pelhřimov",10 000 Kč/měsíc,kraj-vysocina,novostavba,cihlová,,
Pronájem bytu 2+1 59 m²,"Barvířská, Třešť, okres Jihlava",8 000 Kč/měsíc,kraj-vysocina,osobní,panelová,,59 m
Prodej pole 18 251 m²,"Kaliště - Holušice, okres Pelhřimov",620 534 Kč,kraj-vysocina,,osobní,,
Pronájem bytu 2+1 59 m²,"Barvířská, Třešť, okres Jihlava",8 000 Kč/měsíc,kraj-vysocina,osobní,panelová,,
Prodej bytu 3+1 76 m²,"Haškova, Žďár nad Sázavou - Žďár nad Sázavou 6",4 499 000 Kč,kraj-vysocina,osobní,panelová,,76 m
Prodej bytu 3+1 76 m²,"Haškova, Žďár nad Sázavou - Žďár nad Sázavou 6",4 499 000 Kč,kraj-vysocina,osobní,panelová,,
Prodej domu 100 m² s pozemkem 4 582 m²,"Bělá, okres Havlíčkův Brod",4 500 000 Kč,kraj-vysocina,osobní,smíšená,4582 m,100 m
Prodej domu 100 m² s pozemkem 4 582 m²,"Bělá, okres Havlíčkův Brod",4 500 000 Kč,kraj-vysocina,osobní,smíšená,4582 m,
Prodej domu 100 m² s pozemkem 4 582 m²,"Bělá, okres Havlíčkův Brod",4 500 000 Kč,kraj-vysocina,osobní,smíšená,,100 m
Prodej domu 100 m² s pozemkem 4 582 m²,"Bělá, okres Havlíčkův Brod",4 500 000 Kč,kraj-vysocina,osobní,smíšená,,
Prodej chaty/chalupy 40 m² s pozemkem 387 m²,"Rušinov - Vratkov, okres Havlíčkův Brod",Cena na vyžádání,kraj-vysocina,osobní,dřevěná,387 m,40 m
Prodej chaty/chalupy 40 m² s pozemkem 387 m²,"Rušinov - Vratkov, okres Havlíčkův Brod",Cena na vyžádání,kraj-vysocina,osobní,dřevěná,387 m,
Prodej chaty/chalupy 40 m² s pozemkem 387 m²,"Rušinov - Vratkov, okres Havlíčkův Brod",Cena na vyžádání,kraj-vysocina,osobní,dřevěná,,40 m
Prodej chaty/chalupy 40 m² s pozemkem 387 m²,"Rušinov - Vratkov, okres Havlíčkův Brod",Cena na vyžádání,kraj-vysocina,osobní,dřevěná,,
Pronájem obchodních prostor 8 m²,"Komenského, Humpolec, okres Pelhřimov",15 000 Kč/měsíc,kraj-vysocina,osobní,cihlová,,8 m
Pronájem obchodních prostor 8 m²,"Komenského, Humpolec, okres Pelhřimov",15 000 Kč/měsíc,kraj-vysocina,osobní,cihlová,,
Prodej domu 62 m² s pozemkem 1 493 m²,"Loukovice, okres Třebíč",3 393 600 Kč,kraj-vysocina,osobní,cihlová,1493 m,62 m
Prodej domu 62 m² s pozemkem 1 493 m²,"Loukovice, okres Třebíč",3 393 600 Kč,kraj-vysocina,osobní,cihlová,1493 m,
Prodej domu 62 m² s pozemkem 1 493 m²,"Loukovice, okres Třebíč",3 393 600 Kč,kraj-vysocina,osobní,cihlová,,62 m
Prodej domu 62 m² s pozemkem 1 493 m²,"Loukovice, okres Třebíč",3 393 600 Kč,kraj-vysocina,osobní,cihlová,,
Prodej bytu 4+1 80 m²,"K. Chocholy, České Budějovice - České Budějovice 2",4 260 000 Kč,jihocesky-kraj,družstevní,panelová,,80 m
Prodej bytu 4+1 80 m²,"K. Chocholy, České Budějovice - České Budějovice 2",4 260 000 Kč,jihocesky-kraj,družstevní,panelová,,
Prodej domu 108 m² s pozemkem 259 m²,"Mýtní, Stráž nad Nežárkou, okres Jindřichův Hradec",3 500 000 Kč,jihocesky-kraj,osobní,smíšená,259 m,108 m
Prodej domu 108 m² s pozemkem 259 m²,"Mýtní, Stráž nad Nežárkou, okres Jindřichův Hradec",3 500 000 Kč,jihocesky-kraj,osobní,smíšená,259 m,
Prodej domu 108 m² s pozemkem 259 m²,"Mýtní, Stráž nad Nežárkou, okres Jindřichův Hradec",3 500 000 Kč,jihocesky-kraj,osobní,smíšená,,108 m
Prodej domu 108 m² s pozemkem 259 m²,"Mýtní, Stráž nad Nežárkou, okres Jindřichův Hradec",3 500 000 Kč,jihocesky-kraj,osobní,smíšená,,
Prodej domu 456 m² s pozemkem 2 131 m²,"Velké Meziříčí - Hrbov, okres Žďár nad Sázavou",11 397 485 Kč,kraj-vysocina,osobní,cihlová,2131 m,456 m
Prodej domu 456 m² s pozemkem 2 131 m²,"Velké Meziříčí - Hrbov, okres Žďár nad Sázavou",11 397 485 Kč,kraj-vysocina,osobní,cihlová,2131 m,
Prodej domu 456 m² s pozemkem 2 131 m²,"Velké Meziříčí - Hrbov, okres Žďár nad Sázavou",11 397 485 Kč,kraj-vysocina,osobní,cihlová,,456 m
Prodej domu 456 m² s pozemkem 2 131 m²,"Velké Meziříčí - Hrbov, okres Žďár nad Sázavou",11 397 485 Kč,kraj-vysocina,osobní,cihlová,,
Prodej komerčního objektu (jiného typu) 476 m²,"5. května, Humpolec, okres Pelhřimov",13 490 000 Kč,kraj-vysocina,osobní,smíšená,,476 m
Prodej komerčního objektu (jiného typu) 476 m²,"5. května, Humpolec, okres Pelhřimov",13 490 000 Kč,kraj-vysocina,osobní,smíšená,,
Pronájem bytu 3+1 69 m²,"Třeboň - Třeboň II, okres Jindřichův Hradec",13 000 Kč/měsíc,jihocesky-kraj,dobrý stav,smíšená,,69 m
Prodej zemědělského objektu 4 943 m²,"Omlenice, okres Český Krumlov",10 000 000 Kč,jihocesky-kraj,jiný,smíšená,,4943 m
Pronájem bytu 3+1 69 m²,"Třeboň - Třeboň II, okres Jindřichův Hradec",13 000 Kč/měsíc,jihocesky-kraj,dobrý stav,smíšená,,
Prodej zemědělského objektu 4 943 m²,"Omlenice, okres Český Krumlov",10 000 000 Kč,jihocesky-kraj,jiný,smíšená,,
Prodej stavebního pozemku 900 m²,"U Třech svatých, Kájov, okres Český Krumlov",3 700 000 Kč,jihocesky-kraj,zavedena,osobní,,
Prodej domu 171 m² s pozemkem 171 m²,"Nábřežní, Boršov nad Vltavou, okres České Budějovice",8 500 000 Kč,jihocesky-kraj,v bloku,cihlová,171 m,171 m
Prodej bytu 5+1 215 m²,"Rudolfovská tř., České Budějovice - České Budějovice 6",14 900 000 Kč,jihocesky-kraj,osobní,cihlová,,215 m
Prodej domu 171 m² s pozemkem 171 m²,"Nábřežní, Boršov nad Vltavou, okres České Budějovice",8 500 000 Kč,jihocesky-kraj,v bloku,cihlová,171 m,
Prodej domu 171 m² s pozemkem 171 m²,"Nábřežní, Boršov nad Vltavou, okres České Budějovice",8 500 000 Kč,jihocesky-kraj,v bloku,cihlová,,171 m
Prodej domu 171 m² s pozemkem 171 m²,"Nábřežní, Boršov nad Vltavou, okres České Budějovice",8 500 000 Kč,jihocesky-kraj,v bloku,cihlová,,
Prodej bytu 5+1 215 m²,"Rudolfovská tř., České Budějovice - České Budějovice 6",14 900 000 Kč,jihocesky-kraj,osobní,cihlová,,
Prodej ubytovacího objektu 400 m²,"Husova, Třeboň - Třeboň I, okres Jindřichův Hradec",18 900 000 Kč,jihocesky-kraj,ubytovací objekty,smíšená,194 m,400 m
Prodej ubytovacího objektu 400 m²,"Husova, Třeboň - Třeboň I, okres Jindřichův Hradec",18 900 000 Kč,jihocesky-kraj,ubytovací objekty,smíšená,194 m,
Prodej ubytovacího objektu 400 m²,"Husova, Třeboň - Třeboň I, okres Jindřichův Hradec",18 900 000 Kč,jihocesky-kraj,ubytovací objekty,smíšená,,400 m
Prodej ubytovacího objektu 400 m²,"Husova, Třeboň - Třeboň I, okres Jindřichův Hradec",18 900 000 Kč,jihocesky-kraj,ubytovací objekty,smíšená,,
Prodej bytu 3+1 61 m²,"Plzeňská, České Budějovice - České Budějovice 3",4 890 000 Kč,jihocesky-kraj,osobní,panelová,,61 m
Pronájem bytu 2+1 61 m²,"Tovární, Jindřichův Hradec - Jindřichův Hradec II",13 000 Kč/měsíc,jihocesky-kraj,osobní,cihlová,,61 m
Prodej bytu 3+1 61 m²,"Plzeňská, České Budějovice - České Budějovice 3",4 890 000 Kč,jihocesky-kraj,osobní,panelová,,
Pronájem bytu 2+1 61 m²,"Tovární, Jindřichův Hradec - Jindřichův Hradec II",13 000 Kč/měsíc,jihocesky-kraj,osobní,cihlová,,
Prodej bytu 2+kk 50 m²,"Fr. Hrubína, České Budějovice - České Budějovice 3",5 190 000 Kč,jihocesky-kraj,osobní,cihlová,,50 m
Prodej domu 105 m² s pozemkem 1 928 m²,"Bednárec, okres Jindřichův Hradec",1 690 000 Kč,jihocesky-kraj,samostatný,cihlová,1928 m,105 m
Prodej bytu 2+kk 50 m²,"Fr. Hrubína, České Budějovice - České Budějovice 3",5 190 000 Kč,jihocesky-kraj,osobní,cihlová,,
Pronájem domu 118 m² s pozemkem 114 m²,"Stará cesta, Jindřichův Hradec - Jindřichův Hradec II",13 000 Kč/měsíc,jihocesky-kraj,řadový,cihlová,114 m,118 m
Prodej domu 105 m² s pozemkem 1 928 m²,"Bednárec, okres Jindřichův Hradec",1 690 000 Kč,jihocesky-kraj,samostatný,cihlová,1928 m,
Prodej domu 105 m² s pozemkem 1 928 m²,"Bednárec, okres Jindřichův Hradec",1 690 000 Kč,jihocesky-kraj,samostatný,cihlová,,105 m
Prodej domu 105 m² s pozemkem 1 928 m²,"Bednárec, okres Jindřichův Hradec",1 690 000 Kč,jihocesky-kraj,samostatný,cihlová,,
"Prodej nájemního domu, činžáku 622 m²","Zlatá stezka, Prachatice - Prachatice II",Cena na vyžádání,jihocesky-kraj,"nájemní dům, činžák",cihlová,735 m,622 m
Pronájem domu 118 m² s pozemkem 114 m²,"Stará cesta, Jindřichův Hradec - Jindřichův Hradec II",13 000 Kč/měsíc,jihocesky-kraj,řadový,cihlová,114 m,
Pronájem domu 118 m² s pozemkem 114 m²,"Stará cesta, Jindřichův Hradec - Jindřichův Hradec II",13 000 Kč/měsíc,jihocesky-kraj,řadový,cihlová,,118 m
Pronájem domu 118 m² s pozemkem 114 m²,"Stará cesta, Jindřichův Hradec - Jindřichův Hradec II",13 000 Kč/měsíc,jihocesky-kraj,řadový,cihlová,,
Prodej domu 95 m² s pozemkem 1 589 m²,"Smilovy Hory - Malý Ježov, okres Tábor",4 500 000 Kč,jihocesky-kraj,osobní,kamenná,1589 m,95 m
"Prodej nájemního domu, činžáku 622 m²","Zlatá stezka, Prachatice - Prachatice II",Cena na vyžádání,jihocesky-kraj,"nájemní dům, činžák",cihlová,735 m,
"Prodej nájemního domu, činžáku 622 m²","Zlatá stezka, Prachatice - Prachatice II",Cena na vyžádání,jihocesky-kraj,"nájemní dům, činžák",cihlová,,622 m
"Prodej nájemního domu, činžáku 622 m²","Zlatá stezka, Prachatice - Prachatice II",Cena na vyžádání,jihocesky-kraj,"nájemní dům, činžák",cihlová,,
Prodej domu 95 m² s pozemkem 1 589 m²,"Smilovy Hory - Malý Ježov, okres Tábor",4 500 000 Kč,jihocesky-kraj,osobní,kamenná,1589 m,
Prodej domu 95 m² s pozemkem 1 589 m²,"Smilovy Hory - Malý Ježov, okres Tábor",4 500 000 Kč,jihocesky-kraj,osobní,kamenná,,95 m
Prodej domu 95 m² s pozemkem 1 589 m²,"Smilovy Hory - Malý Ježov, okres Tábor",4 500 000 Kč,jihocesky-kraj,osobní,kamenná,,
Prodej bytu 4+1 150 m²,"Moravská, Karlovy Vary",4 200 000 Kč,karlovarsky-kraj,po rekonstrukci,cihlová,,150 m
Prodej bytu 4+1 150 m²,"Moravská, Karlovy Vary",4 200 000 Kč,karlovarsky-kraj,po rekonstrukci,cihlová,,
Prodej domu 232 m² s pozemkem 1 500 m²,"Tři Sekery - Krásné, okres Cheb",2 280 000 Kč,karlovarsky-kraj,osobní,cihlová,1500 m,232 m
Prodej domu 232 m² s pozemkem 1 500 m²,"Tři Sekery - Krásné, okres Cheb",2 280 000 Kč,karlovarsky-kraj,osobní,cihlová,1500 m,
Prodej domu 232 m² s pozemkem 1 500 m²,"Tři Sekery - Krásné, okres Cheb",2 280 000 Kč,karlovarsky-kraj,osobní,cihlová,,232 m
Prodej domu 232 m² s pozemkem 1 500 m²,"Tři Sekery - Krásné, okres Cheb",2 280 000 Kč,karlovarsky-kraj,osobní,cihlová,,
Prodej bytu 3+kk 84 m²,"Plzeňská, Mariánské Lázně - Úšovice, okres Cheb",4 495 000 Kč,karlovarsky-kraj,osobní,cihlová,,84 m
Prodej bytu 3+1 60 m²,"Rolavská, Nejdek, okres Karlovy Vary",1 690 000 Kč,karlovarsky-kraj,osobní,panelová,,60 m
Pronájem bytu 2+1 67 m²,"Na Výsluní, Mariánské Lázně - Úšovice, okres Cheb",13 000 Kč/měsíc,karlovarsky-kraj,po rekonstrukci,panelová,,67 m
Prodej bytu 3+kk 84 m²,"Plzeňská, Mariánské Lázně - Úšovice, okres Cheb",4 495 000 Kč,karlovarsky-kraj,osobní,cihlová,,
Prodej bytu 3+1 60 m²,"Rolavská, Nejdek, okres Karlovy Vary",1 690 000 Kč,karlovarsky-kraj,osobní,panelová,,
Pronájem bytu 2+1 67 m²,"Na Výsluní, Mariánské Lázně - Úšovice, okres Cheb",13 000 Kč/měsíc,karlovarsky-kraj,po rekonstrukci,panelová,,
Pronájem bytu 3+1 70 m²,"Zámecký vrch, Karlovy Vary",8 500 Kč/měsíc,karlovarsky-kraj,osobní,cihlová,,70 m
Prodej výrobních prostor 352 m²,"Hory, okres Karlovy Vary",5 500 000 Kč,karlovarsky-kraj,výrobní prostory,cihlová,352 m,352 m
Pronájem bytu 3+1 70 m²,"Zámecký vrch, Karlovy Vary",8 500 Kč/měsíc,karlovarsky-kraj,osobní,cihlová,,
Prodej výrobních prostor 352 m²,"Hory, okres Karlovy Vary",5 500 000 Kč,karlovarsky-kraj,výrobní prostory,cihlová,352 m,
Prodej výrobních prostor 352 m²,"Hory, okres Karlovy Vary",5 500 000 Kč,karlovarsky-kraj,výrobní prostory,cihlová,,352 m
Prodej výrobních prostor 352 m²,"Hory, okres Karlovy Vary",5 500 000 Kč,karlovarsky-kraj,výrobní prostory,cihlová,,
Prodej bytu 2+kk 84 m²,"Dřevěná, Mariánské Lázně, okres Cheb",2 250 000 Kč,karlovarsky-kraj,dobrý stav,cihlová,,84 m
Prodej bytu 2+kk 84 m²,"Dřevěná, Mariánské Lázně, okres Cheb",2 250 000 Kč,karlovarsky-kraj,dobrý stav,cihlová,,
Prodej domu 124 m² s pozemkem 1 128 m²,"Šabina, okres Sokolov",6 500 000 Kč,karlovarsky-kraj,osobní,cihlová,1128 m,124 m
Prodej domu 124 m² s pozemkem 1 128 m²,"Šabina, okres Sokolov",6 500 000 Kč,karlovarsky-kraj,osobní,cihlová,1128 m,
Prodej domu 124 m² s pozemkem 1 128 m²,"Šabina, okres Sokolov",6 500 000 Kč,karlovarsky-kraj,osobní,cihlová,,124 m
Prodej domu 124 m² s pozemkem 1 128 m²,"Šabina, okres Sokolov",6 500 000 Kč,karlovarsky-kraj,osobní,cihlová,,
Prodej domu 150 m² s pozemkem 822 m²,"Trstěnice, okres Cheb",2 750 000 Kč,karlovarsky-kraj,osobní,cihlová,822 m,150 m
Prodej domu 75 m² s pozemkem 662 m²,"Jindřichovice, okres Sokolov",2 599 000 Kč,karlovarsky-kraj,osobní,cihlová,662 m,75 m
Prodej ubytovacího objektu 400 m²,"Hlavní, Aš, okres Cheb",5 775 000 Kč,karlovarsky-kraj,osobní,cihlová,,400 m
Prodej domu 150 m² s pozemkem 822 m²,"Trstěnice, okres Cheb",2 750 000 Kč,karlovarsky-kraj,osobní,cihlová,822 m,
Prodej domu 150 m² s pozemkem 822 m²,"Trstěnice, okres Cheb",2 750 000 Kč,karlovarsky-kraj,osobní,cihlová,,150 m
Prodej domu 150 m² s pozemkem 822 m²,"Trstěnice, okres Cheb",2 750 000 Kč,karlovarsky-kraj,osobní,cihlová,,
Prodej domu 75 m² s pozemkem 662 m²,"Jindřichovice, okres Sokolov",2 599 000 Kč,karlovarsky-kraj,osobní,cihlová,662 m,
Prodej domu 75 m² s pozemkem 662 m²,"Jindřichovice, okres Sokolov",2 599 000 Kč,karlovarsky-kraj,osobní,cihlová,,75 m
Prodej domu 75 m² s pozemkem 662 m²,"Jindřichovice, okres Sokolov",2 599 000 Kč,karlovarsky-kraj,osobní,cihlová,,
Prodej ubytovacího objektu 400 m²,"Hlavní, Aš, okres Cheb",5 775 000 Kč,karlovarsky-kraj,osobní,cihlová,,
Prodej bytu 3+1 61 m²,"Hlávkova, Karlovy Vary - Stará Role",2 650 000 Kč,karlovarsky-kraj,po rekonstrukci,panelová,,61 m
Prodej bytu 3+1 61 m²,"Hlávkova, Karlovy Vary - Stará Role",2 650 000 Kč,karlovarsky-kraj,po rekonstrukci,panelová,,
Prodej domu 370 m² s pozemkem 682 m²,"Za Školou, Mariánské Lázně - Úšovice, okres Cheb",9 990 000 Kč,karlovarsky-kraj,osobní,cihlová,682 m,370 m
Prodej domu 370 m² s pozemkem 682 m²,"Za Školou, Mariánské Lázně - Úšovice, okres Cheb",9 990 000 Kč,karlovarsky-kraj,osobní,cihlová,682 m,
Prodej domu 370 m² s pozemkem 682 m²,"Za Školou, Mariánské Lázně - Úšovice, okres Cheb",9 990 000 Kč,karlovarsky-kraj,osobní,cihlová,,370 m
Prodej domu 370 m² s pozemkem 682 m²,"Za Školou, Mariánské Lázně - Úšovice, okres Cheb",9 990 000 Kč,karlovarsky-kraj,osobní,cihlová,,
Pronájem bytu 1+1 40 m²,"Franze Kafky, Mariánské Lázně - Úšovice, okres Cheb",7 000 Kč/měsíc,karlovarsky-kraj,dobrý stav,cihlová,,40 m
Prodej domu 187 m² s pozemkem 1 072 m²,"Na Stráni, Valy, okres Cheb",8 001 000 Kč,karlovarsky-kraj,jiný,cihlová,1072 m,187 m
Prodej bytu 1+kk 155 m²,"Sokolská, Zábřeh, okres Šumperk",6 100 000 Kč,olomoucky-kraj,dobrý stav,cihlová,,155 m
Pronájem bytu 1+1 40 m²,"Franze Kafky, Mariánské Lázně - Úšovice, okres Cheb",7 000 Kč/měsíc,karlovarsky-kraj,dobrý stav,cihlová,,
Prodej domu 187 m² s pozemkem 1 072 m²,"Na Stráni, Valy, okres Cheb",8 001 000 Kč,karlovarsky-kraj,jiný,cihlová,1072 m,
Prodej domu 187 m² s pozemkem 1 072 m²,"Na Stráni, Valy, okres Cheb",8 001 000 Kč,karlovarsky-kraj,jiný,cihlová,,187 m
Prodej domu 187 m² s pozemkem 1 072 m²,"Na Stráni, Valy, okres Cheb",8 001 000 Kč,karlovarsky-kraj,jiný,cihlová,,
Prodej bytu 1+kk 155 m²,"Sokolská, Zábřeh, okres Šumperk",6 100 000 Kč,olomoucky-kraj,dobrý stav,cihlová,,
Prodej bytu 2+1 54 m²,"Čs. armády, Kraslice, okres Sokolov",999 999 Kč,karlovarsky-kraj,dobrý stav,cihlová,,54 m
Prodej domu 496 m² s pozemkem 959 m²,"Tyršova, Karlovy Vary",Cena na vyžádání,karlovarsky-kraj,osobní,cihlová,959 m,496 m
Prodej bytu 2+1 54 m²,"Čs. armády, Kraslice, okres Sokolov",999 999 Kč,karlovarsky-kraj,dobrý stav,cihlová,,
Prodej domu 496 m² s pozemkem 959 m²,"Tyršova, Karlovy Vary",Cena na vyžádání,karlovarsky-kraj,osobní,cihlová,959 m,
Prodej domu 496 m² s pozemkem 959 m²,"Tyršova, Karlovy Vary",Cena na vyžádání,karlovarsky-kraj,osobní,cihlová,,496 m
Prodej domu 496 m² s pozemkem 959 m²,"Tyršova, Karlovy Vary",Cena na vyžádání,karlovarsky-kraj,osobní,cihlová,,
Pronájem bytu 2+1 49 m²,"Havlíčkova, Karlovy Vary",12 000 Kč/měsíc,karlovarsky-kraj,dobrý stav,cihlová,,49 m
Pronájem bytu 2+1 49 m²,"Havlíčkova, Karlovy Vary",12 000 Kč/měsíc,karlovarsky-kraj,dobrý stav,cihlová,,
Pronájem bytu 2+kk 45 m²,"Masarykova třída, Olomouc",360 000 Kč/měsíc,olomoucky-kraj,45 m,osobní,,
Prodej pozemku 378 m²,Jeseník,413 000 Kč,olomoucky-kraj,378 m,osobní,,
Prodej pole 3 501 m²,"Ondratice, okres Prostějov",131 000 Kč,olomoucky-kraj,,samota,,
Pronájem bytu 2+1 54 m²,"Nádražní, Přerov - Přerov I-Město",9 000 Kč/měsíc,olomoucky-kraj,osobní,cihlová,,54 m
Pronájem bytu 2+1 54 m²,"Nádražní, Přerov - Přerov I-Město",9 000 Kč/měsíc,olomoucky-kraj,osobní,cihlová,,
Prodej chaty/chalupy 55 m² s pozemkem 56 m²,"Olomoucká, Hlubočky, okres Olomouc",3 990 000 Kč,olomoucky-kraj,samostatný,skeletová,56 m,
Pronájem bytu 1+kk 23 m²,"Politických vězňů, Olomouc - Neředín",7 000 Kč/měsíc,olomoucky-kraj,osobní,panelová,,23 m
Prodej chaty/chalupy 55 m² s pozemkem 56 m²,"Olomoucká, Hlubočky, okres Olomouc",3 990 000 Kč,olomoucky-kraj,samostatný,skeletová,,
Pronájem bytu 1+kk 23 m²,"Politických vězňů, Olomouc - Neředín",7 000 Kč/měsíc,olomoucky-kraj,osobní,panelová,,
Pronájem bytu 3+1 71 m²,"Kabelíkova, Přerov - Přerov I-Město",10 000 Kč/měsíc,olomoucky-kraj,osobní,panelová,,71 m
Pronájem kanceláře 228 m²,"Horní lán, Olomouc - Nová Ulice",Cena na vyžádání,olomoucky-kraj,kanceláře,smíšená,719 m,228 m
Pronájem bytu 3+1 71 m²,"Kabelíkova, Přerov - Přerov I-Město",10 000 Kč/měsíc,olomoucky-kraj,osobní,panelová,,
Pronájem kanceláře 228 m²,"Horní lán, Olomouc - Nová Ulice",Cena na vyžádání,olomoucky-kraj,kanceláře,smíšená,719 m,
Pronájem kanceláře 228 m²,"Horní lán, Olomouc - Nová Ulice",Cena na vyžádání,olomoucky-kraj,kanceláře,smíšená,,228 m
Pronájem kanceláře 228 m²,"Horní lán, Olomouc - Nová Ulice",Cena na vyžádání,olomoucky-kraj,kanceláře,smíšená,,
Pronájem bytu 2+kk 51 m²,"Hlavní náměstí, Šternberk, okres Olomouc",10 500 Kč/měsíc,olomoucky-kraj,osobní,cihlová,,51 m
Pronájem bytu 2+kk 51 m²,"Hlavní náměstí, Šternberk, okres Olomouc",10 500 Kč/měsíc,olomoucky-kraj,osobní,cihlová,,
Pronájem bytu 2+kk 60 m²,"Kmochova, Olomouc - Nová Ulice",12 000 Kč/měsíc,olomoucky-kraj,osobní,cihlová,,60 m
Pronájem bytu 2+kk 60 m²,"Kmochova, Olomouc - Nová Ulice",12 000 Kč/měsíc,olomoucky-kraj,osobní,cihlová,,
Pronájem bytu 2+1 51 m²,"Hlavní náměstí, Šternberk, okres Olomouc",10 500 Kč/měsíc,olomoucky-kraj,osobní,cihlová,,51 m
Pronájem bytu 2+kk 58 m²,"Kmochova, Olomouc - Nová Ulice",13 000 Kč/měsíc,olomoucky-kraj,osobní,cihlová,,58 m
Pronájem bytu 2+1 51 m²,"Hlavní náměstí, Šternberk, okres Olomouc",10 500 Kč/měsíc,olomoucky-kraj,osobní,cihlová,,
Pronájem bytu 2+kk 58 m²,"Kmochova, Olomouc - Nová Ulice",13 000 Kč/měsíc,olomoucky-kraj,osobní,cihlová,,
Prodej bytu 3+kk 94 m²,"Resslova, Olomouc - Nová Ulice",7 550 000 Kč,olomoucky-kraj,osobní,cihlová,,94 m
Pronájem kanceláře 114 m²,"28. října, Olomouc",13 656 Kč/měsíc,olomoucky-kraj,osobní,cihlová,,114 m
Prodej bytu 3+kk 94 m²,"Resslova, Olomouc - Nová Ulice",7 550 000 Kč,olomoucky-kraj,osobní,cihlová,,
Pronájem kanceláře 114 m²,"28. října, Olomouc",13 656 Kč/měsíc,olomoucky-kraj,osobní,cihlová,,
Pronájem kanceláře 19 m²,"Fibichova, Olomouc - Hodolany",3 000 Kč/měsíc,olomoucky-kraj,jiný,skeletová,,19 m
Pronájem bytu 1+kk 35 m²,"Janského, Olomouc - Povel",9 900 Kč/měsíc,olomoucky-kraj,osobní,cihlová,,35 m
Pronájem kanceláře 19 m²,"Fibichova, Olomouc - Hodolany",3 000 Kč/měsíc,olomoucky-kraj,jiný,skeletová,,
Pronájem bytu 1+kk 35 m²,"Janského, Olomouc - Povel",9 900 Kč/měsíc,olomoucky-kraj,osobní,cihlová,,
Pronájem kanceláře 350 m²,"Pavelčákova, Olomouc",50 000 Kč/měsíc,olomoucky-kraj,jiný,cihlová,,350 m
Pronájem kanceláře 350 m²,"Pavelčákova, Olomouc",50 000 Kč/měsíc,olomoucky-kraj,jiný,cihlová,,
Pronájem bytu 3+kk 96 m²,"Dobrovského, Olomouc",13 800 Kč/měsíc,olomoucky-kraj,osobní,cihlová,,96 m
Pronájem bytu 3+kk 96 m²,"Dobrovského, Olomouc",13 800 Kč/měsíc,olomoucky-kraj,osobní,cihlová,,
Pronájem skladovacích prostor 25 000 m²,Olomouc,Cena na vyžádání,olomoucky-kraj,skladovací prostory,smíšená,,25000 m
Pronájem skladovacích prostor 25 000 m²,Olomouc,Cena na vyžádání,olomoucky-kraj,skladovací prostory,smíšená,,
Prodej bytu 4+kk 88 m²,"Na Náhonu, Beroun - Beroun-Město",8 150 000 Kč,stredocesky-kraj,dobrý stav,smíšená,,88 m
Prodej bytu 4+kk 88 m²,"Na Náhonu, Beroun - Beroun-Město",8 150 000 Kč,stredocesky-kraj,dobrý stav,smíšená,,
Pronájem bytu 1+kk 38 m²,"Sokolská, Kolín - Kolín II",11 000 Kč/měsíc,stredocesky-kraj,novostavba,cihlová,,38 m
Pronájem bytu 1+kk 38 m²,"Sokolská, Kolín - Kolín II",11 000 Kč/měsíc,stredocesky-kraj,novostavba,cihlová,,
Prodej domu 145 m² s pozemkem 304 m²,"Lékořicová, Květnice, okres Praha-východ",13 950 000 Kč,stredocesky-kraj,osobní,cihlová,304 m,145 m
Prodej domu 145 m² s pozemkem 304 m²,"Lékořicová, Květnice, okres Praha-východ",13 950 000 Kč,stredocesky-kraj,osobní,cihlová,304 m,
Prodej domu 145 m² s pozemkem 304 m²,"Lékořicová, Květnice, okres Praha-východ",13 950 000 Kč,stredocesky-kraj,osobní,cihlová,,145 m
Prodej domu 145 m² s pozemkem 304 m²,"Lékořicová, Květnice, okres Praha-východ",13 950 000 Kč,stredocesky-kraj,osobní,cihlová,,
Prodej domu 409 m² s pozemkem 800 m²,"Hálkova, Veltrusy, okres Mělník",13 800 000 Kč,stredocesky-kraj,samostatný,cihlová,800 m,409 m
Prodej domu 409 m² s pozemkem 800 m²,"Hálkova, Veltrusy, okres Mělník",13 800 000 Kč,stredocesky-kraj,samostatný,cihlová,800 m,
Prodej domu 409 m² s pozemkem 800 m²,"Hálkova, Veltrusy, okres Mělník",13 800 000 Kč,stredocesky-kraj,samostatný,cihlová,,409 m
Prodej domu 409 m² s pozemkem 800 m²,"Hálkova, Veltrusy, okres Mělník",13 800 000 Kč,stredocesky-kraj,samostatný,cihlová,,
Prodej domu 132 m² s pozemkem 283 m²,"Lékořicová, Květnice, okres Praha-východ",12 950 000 Kč,stredocesky-kraj,osobní,cihlová,283 m,132 m
Prodej domu 132 m² s pozemkem 283 m²,"Lékořicová, Květnice, okres Praha-východ",12 950 000 Kč,stredocesky-kraj,osobní,cihlová,283 m,
Prodej domu 132 m² s pozemkem 283 m²,"Lékořicová, Květnice, okres Praha-východ",12 950 000 Kč,stredocesky-kraj,osobní,cihlová,,132 m
Prodej domu 132 m² s pozemkem 283 m²,"Lékořicová, Květnice, okres Praha-východ",12 950 000 Kč,stredocesky-kraj,osobní,cihlová,,
Prodej domu 159 m² s pozemkem 217 m²,"Herink, okres Praha-východ",12 298 200 Kč,stredocesky-kraj,osobní,cihlová,217 m,159 m
Prodej domu 159 m² s pozemkem 217 m²,"Herink, okres Praha-východ",12 298 200 Kč,stredocesky-kraj,osobní,cihlová,217 m,
Prodej domu 159 m² s pozemkem 217 m²,"Herink, okres Praha-východ",12 298 200 Kč,stredocesky-kraj,osobní,cihlová,,159 m
Prodej domu 159 m² s pozemkem 217 m²,"Herink, okres Praha-východ",12 298 200 Kč,stredocesky-kraj,osobní,cihlová,,
Prodej bytu 2+kk 48 m²,"Klecany, okres Praha-východ",4 900 000 Kč,stredocesky-kraj,dobrý stav,smíšená,,48 m
Prodej bytu 2+kk 48 m²,"Klecany, okres Praha-východ",4 900 000 Kč,stredocesky-kraj,dobrý stav,smíšená,,
Prodej domu 161 m² s pozemkem 546 m²,"Lékořicová, Květnice, okres Praha-východ",14 950 000 Kč,stredocesky-kraj,osobní,cihlová,546 m,161 m
Prodej domu 161 m² s pozemkem 546 m²,"Lékořicová, Květnice, okres Praha-východ",14 950 000 Kč,stredocesky-kraj,osobní,cihlová,546 m,
Prodej domu 161 m² s pozemkem 546 m²,"Lékořicová, Květnice, okres Praha-východ",14 950 000 Kč,stredocesky-kraj,osobní,cihlová,,161 m
Prodej domu 161 m² s pozemkem 546 m²,"Lékořicová, Květnice, okres Praha-východ",14 950 000 Kč,stredocesky-kraj,osobní,cihlová,,
Prodej stavebního pozemku 1 802 m²,"Jezeřanská, Kolín - Kolín V",6 250 000 Kč,stredocesky-kraj,"veřejný, vlastní zdroj",1802 m,,
Dražba domu 1 m² s pozemkem 737 m²,"Kamýk nad Vltavou, okres Příbram",493 000 Kč,stredocesky-kraj,20.01.2022 v 15:25 hod.,,,
Prodej bytu 2+kk 73 m²,"Hýskov, okres Beroun",5 316 000 Kč,stredocesky-kraj,jiný,cihlová,,73 m
Prodej bytu 2+kk 73 m²,"Hýskov, okres Beroun",5 316 000 Kč,stredocesky-kraj,jiný,cihlová,,
Prodej bytu 3+kk 86 m²,"Vrchy, Zlín - Kudlov",6 340 000 Kč,zlinsky-kraj,dobrý stav,cihlová,,86 m
Prodej bytu 3+kk 86 m²,"Vrchy, Zlín - Kudlov",6 340 000 Kč,zlinsky-kraj,dobrý stav,cihlová,,
Prodej kanceláře 97 m²,"U Potoka, Holešov, okres Kroměříž",3 990 000 Kč,zlinsky-kraj,osobní,cihlová,,97 m
Prodej kanceláře 97 m²,"U Potoka, Holešov, okres Kroměříž",3 990 000 Kč,zlinsky-kraj,osobní,cihlová,,
Prodej domu 167 m² s pozemkem 800 m²,"Břestek, okres Uherské Hradiště",4 990 000 Kč,zlinsky-kraj,osobní,cihlová,800 m,167 m
Prodej domu 167 m² s pozemkem 800 m²,"Břestek, okres Uherské Hradiště",4 990 000 Kč,zlinsky-kraj,osobní,cihlová,800 m,
Prodej domu 167 m² s pozemkem 800 m²,"Břestek, okres Uherské Hradiště",4 990 000 Kč,zlinsky-kraj,osobní,cihlová,,167 m
Prodej domu 167 m² s pozemkem 800 m²,"Břestek, okres Uherské Hradiště",4 990 000 Kč,zlinsky-kraj,osobní,cihlová,,
Pronájem bytu 2+kk 40 m²,"třída Tomáše Bati, Zlín",12 000 Kč/měsíc,zlinsky-kraj,osobní,cihlová,,40 m
Prodej domu 210 m² s pozemkem 1 007 m²,"Pod Homolí, Hořovice, okres Beroun",12 000 000 Kč,stredocesky-kraj,osobní,cihlová,1007 m,210 m
Pronájem bytu 2+kk 40 m²,"třída Tomáše Bati, Zlín",12 000 Kč/měsíc,zlinsky-kraj,osobní,cihlová,,
Prodej domu 210 m² s pozemkem 1 007 m²,"Pod Homolí, Hořovice, okres Beroun",12 000 000 Kč,stredocesky-kraj,osobní,cihlová,1007 m,
Prodej domu 210 m² s pozemkem 1 007 m²,"Pod Homolí, Hořovice, okres Beroun",12 000 000 Kč,stredocesky-kraj,osobní,cihlová,,210 m
Prodej domu 210 m² s pozemkem 1 007 m²,"Pod Homolí, Hořovice, okres Beroun",12 000 000 Kč,stredocesky-kraj,osobní,cihlová,,
Prodej louky 6 420 m²,"Kunovice, okres Uherské Hradiště",261 000 Kč,zlinsky-kraj,6420 m,osobní,,
Prodej bytu 3+1 97 m²,"U Potoka, Holešov, okres Kroměříž",3 990 000 Kč,zlinsky-kraj,dobrý stav,cihlová,,97 m
Prodej domu 176 m² s pozemkem 1 800 m²,"Cihlářská, Uherský Brod - Havřice, okres Uherské Hradiště",9 920 000 Kč,zlinsky-kraj,jiný,cihlová,1800 m,176 m
Prodej bytu 3+1 97 m²,"U Potoka, Holešov, okres Kroměříž",3 990 000 Kč,zlinsky-kraj,dobrý stav,cihlová,,
Prodej domu 176 m² s pozemkem 1 800 m²,"Cihlářská, Uherský Brod - Havřice, okres Uherské Hradiště",9 920 000 Kč,zlinsky-kraj,jiný,cihlová,1800 m,
Prodej domu 176 m² s pozemkem 1 800 m²,"Cihlářská, Uherský Brod - Havřice, okres Uherské Hradiště",9 920 000 Kč,zlinsky-kraj,jiný,cihlová,,176 m
Prodej domu 176 m² s pozemkem 1 800 m²,"Cihlářská, Uherský Brod - Havřice, okres Uherské Hradiště",9 920 000 Kč,zlinsky-kraj,jiný,cihlová,,
Pronájem obchodních prostor 143 m²,"Bystřice pod Hostýnem, okres Kroměříž",Cena na vyžádání,zlinsky-kraj,osobní,cihlová,,143 m
Pronájem obchodních prostor 143 m²,"Bystřice pod Hostýnem, okres Kroměříž",Cena na vyžádání,zlinsky-kraj,osobní,cihlová,,
Prodej domu 126 m² s pozemkem 450 m²,"Na Vyhlídce, Zlín",6 990 000 Kč,zlinsky-kraj,samostatný,cihlová,450 m,126 m
Prodej domu 126 m² s pozemkem 450 m²,"Na Vyhlídce, Zlín",6 990 000 Kč,zlinsky-kraj,samostatný,cihlová,450 m,
Prodej domu 126 m² s pozemkem 450 m²,"Na Vyhlídce, Zlín",6 990 000 Kč,zlinsky-kraj,samostatný,cihlová,,126 m
Prodej domu 126 m² s pozemkem 450 m²,"Na Vyhlídce, Zlín",6 990 000 Kč,zlinsky-kraj,samostatný,cihlová,,
Prodej pole 43 288 m²,"Uherskobrodská, Luhačovice, okres Zlín",Cena na vyžádání,zlinsky-kraj,43288 m,osobní,,
Prodej domu 169 m² s pozemkem 216 m²,"Hrnčířská, Zlín",Cena na vyžádání,zlinsky-kraj,osobní,cihlová,216 m,169 m
Prodej domu 169 m² s pozemkem 216 m²,"Hrnčířská, Zlín",Cena na vyžádání,zlinsky-kraj,osobní,cihlová,216 m,
Prodej domu 169 m² s pozemkem 216 m²,"Hrnčířská, Zlín",Cena na vyžádání,zlinsky-kraj,osobní,cihlová,,169 m
Prodej domu 169 m² s pozemkem 216 m²,"Hrnčířská, Zlín",Cena na vyžádání,zlinsky-kraj,osobní,cihlová,,
Prodej domu 103 m² s pozemkem 725 m²,"Valašské Klobouky, okres Zlín",Cena na vyžádání,zlinsky-kraj,samostatný,smíšená,725 m,103 m
Prodej domu 103 m² s pozemkem 725 m²,"Valašské Klobouky, okres Zlín",Cena na vyžádání,zlinsky-kraj,samostatný,smíšená,725 m,
Prodej domu 103 m² s pozemkem 725 m²,"Valašské Klobouky, okres Zlín",Cena na vyžádání,zlinsky-kraj,samostatný,smíšená,,103 m
Prodej domu 103 m² s pozemkem 725 m²,"Valašské Klobouky, okres Zlín",Cena na vyžádání,zlinsky-kraj,samostatný,smíšená,,
Pronájem bytu 3+kk 74 m²,"Loukov, okres Kroměříž",12 900 Kč/měsíc,zlinsky-kraj,dobrý stav,cihlová,,74 m
Pronájem bytu 3+kk 74 m²,"Loukov, okres Kroměříž",12 900 Kč/měsíc,zlinsky-kraj,dobrý stav,cihlová,,
"Pronájem garáže Holešov, Všetuly","Kráčiny, Holešov - Všetuly, okres Kroměříž",1 200 Kč/měsíc,zlinsky-kraj,,,,
Pronájem bytu 3+kk 150 m²,"Klabalská I, Zlín",20 800 Kč/měsíc,zlinsky-kraj,osobní,cihlová,,150 m
Pronájem bytu 3+kk 150 m²,"Klabalská I, Zlín",20 800 Kč/měsíc,zlinsky-kraj,osobní,cihlová,,
Prodej bytu 2+1 82 m²,"Cukrovar, Kvasice, okres Kroměříž",3 559 000 Kč,zlinsky-kraj,dobrý stav,cihlová,,82 m
Pronájem komerčního pozemku 6 000 m²,"Holešovská, Bystřice pod Hostýnem, okres Kroměříž",15 000 Kč/měsíc,zlinsky-kraj,,osobní,,
Prodej bytu 2+1 82 m²,"Cukrovar, Kvasice, okres Kroměříž",3 559 000 Kč,zlinsky-kraj,dobrý stav,cihlová,,
Prodej domu 90 m² s pozemkem 532 m²,"Bystřice pod Hostýnem, okres Kroměříž",2 415 000 Kč,zlinsky-kraj,v bloku,cihlová,532 m,90 m
Prodej domu 90 m² s pozemkem 532 m²,"Bystřice pod Hostýnem, okres Kroměříž",2 415 000 Kč,zlinsky-kraj,v bloku,cihlová,532 m,
Prodej domu 90 m² s pozemkem 532 m²,"Bystřice pod Hostýnem, okres Kroměříž",2 415 000 Kč,zlinsky-kraj,v bloku,cihlová,,90 m
Prodej domu 90 m² s pozemkem 532 m²,"Bystřice pod Hostýnem, okres Kroměříž",2 415 000 Kč,zlinsky-kraj,v bloku,cihlová,,
Pronájem bytu 2+kk 95 m²,"Klabalská I, Zlín",12 840 Kč/měsíc,zlinsky-kraj,osobní,cihlová,,95 m
Pronájem bytu 2+kk 95 m²,"Klabalská I, Zlín",12 840 Kč/měsíc,zlinsky-kraj,osobní,cihlová,,
Prodej domu 216 m² s pozemkem 1 000 m²,"Zahradní, Chuchelná, okres Opava",8 862 000 Kč,moravskoslezsky-kraj,jiný,cihlová,1000 m,216 m
Prodej domu 160 m² s pozemkem 79 m²,"Bohušov - Dolní Povelice, okres Bruntál",1 500 000 Kč,moravskoslezsky-kraj,osobní,smíšená,79 m,160 m
Prodej domu 216 m² s pozemkem 1 000 m²,"Zahradní, Chuchelná, okres Opava",8 862 000 Kč,moravskoslezsky-kraj,jiný,cihlová,1000 m,
Prodej domu 216 m² s pozemkem 1 000 m²,"Zahradní, Chuchelná, okres Opava",8 862 000 Kč,moravskoslezsky-kraj,jiný,cihlová,,216 m
Prodej domu 216 m² s pozemkem 1 000 m²,"Zahradní, Chuchelná, okres Opava",8 862 000 Kč,moravskoslezsky-kraj,jiný,cihlová,,
Prodej domu 160 m² s pozemkem 79 m²,"Bohušov - Dolní Povelice, okres Bruntál",1 500 000 Kč,moravskoslezsky-kraj,osobní,smíšená,79 m,
Prodej domu 160 m² s pozemkem 79 m²,"Bohušov - Dolní Povelice, okres Bruntál",1 500 000 Kč,moravskoslezsky-kraj,osobní,smíšená,,160 m
Prodej domu 160 m² s pozemkem 79 m²,"Bohušov - Dolní Povelice, okres Bruntál",1 500 000 Kč,moravskoslezsky-kraj,osobní,smíšená,,
Pronájem obchodních prostor 50 m²,"Dr. Martínka, Ostrava - Hrabůvka",7 000 Kč/měsíc,moravskoslezsky-kraj,osobní,smíšená,,50 m
Pronájem bytu 2+kk 42 m²,"Masarykovo nám., Bystřice pod Hostýnem, okres Kroměříž",7 500 Kč/měsíc,zlinsky-kraj,dobrý stav,cihlová,,42 m
Pronájem obchodních prostor 50 m²,"Dr. Martínka, Ostrava - Hrabůvka",7 000 Kč/měsíc,moravskoslezsky-kraj,osobní,smíšená,,
Pronájem bytu 2+kk 42 m²,"Masarykovo nám., Bystřice pod Hostýnem, okres Kroměříž",7 500 Kč/měsíc,zlinsky-kraj,dobrý stav,cihlová,,
Pronájem bytu 2+1 44 m²,"Markova, Ostrava - Zábřeh",8 000 Kč/měsíc,moravskoslezsky-kraj,osobní,panelová,,44 m
Pronájem kanceláře 18 m²,"28. října, Ostrava - Moravská Ostrava",24 190 Kč/měsíc,moravskoslezsky-kraj,jiný,skeletová,,18 m
Pronájem bytu 2+1 44 m²,"Markova, Ostrava - Zábřeh",8 000 Kč/měsíc,moravskoslezsky-kraj,osobní,panelová,,
Pronájem kanceláře 18 m²,"28. října, Ostrava - Moravská Ostrava",24 190 Kč/měsíc,moravskoslezsky-kraj,jiný,skeletová,,
Prodej domu 340 m² s pozemkem 7 255 m²,"Třešňová, Orlová - Poruba, okres Karviná",Cena na vyžádání,moravskoslezsky-kraj,samostatný,cihlová,7255 m,340 m
Prodej bytu 2+1 65 m²,"Okružní, Orlová - Lutyně, okres Karviná",1 170 000 Kč,moravskoslezsky-kraj,družstevní,panelová,,65 m
Prodej domu 340 m² s pozemkem 7 255 m²,"Třešňová, Orlová - Poruba, okres Karviná",Cena na vyžádání,moravskoslezsky-kraj,samostatný,cihlová,7255 m,
Prodej domu 340 m² s pozemkem 7 255 m²,"Třešňová, Orlová - Poruba, okres Karviná",Cena na vyžádání,moravskoslezsky-kraj,samostatný,cihlová,,340 m
Prodej domu 340 m² s pozemkem 7 255 m²,"Třešňová, Orlová - Poruba, okres Karviná",Cena na vyžádání,moravskoslezsky-kraj,samostatný,cihlová,,
Prodej bytu 2+1 65 m²,"Okružní, Orlová - Lutyně, okres Karviná",1 170 000 Kč,moravskoslezsky-kraj,družstevní,panelová,,
Prodej chaty/chalupy 16 m²,"Žleby, Ostrava - Hošťálkovice",700 000 Kč,moravskoslezsky-kraj,osobní,dřevěná,,16 m
Prodej chaty/chalupy 16 m²,"Žleby, Ostrava - Hošťálkovice",700 000 Kč,moravskoslezsky-kraj,osobní,dřevěná,,
Pronájem bytu 2+kk 50 m²,"Na Valech, Opava - Město",8 000 Kč/měsíc,moravskoslezsky-kraj,osobní,cihlová,,50 m
Pronájem bytu 2+kk 50 m²,"Na Valech, Opava - Město",8 000 Kč/měsíc,moravskoslezsky-kraj,osobní,cihlová,,
Pronájem skladovacích prostor 140 m²,"Josefa Václava Sládka, Frýdek-Místek - Místek",20 000 Kč/měsíc,moravskoslezsky-kraj,skladovací prostory,cihlová,,140 m
Pronájem skladovacích prostor 140 m²,"Josefa Václava Sládka, Frýdek-Místek - Místek",20 000 Kč/měsíc,moravskoslezsky-kraj,skladovací prostory,cihlová,,
Pronájem kanceláře 14 m²,"Sokolovská, Ostrava - Poruba",2 800 Kč/měsíc,moravskoslezsky-kraj,osobní,smíšená,,14 m
Pronájem kanceláře 14 m²,"Sokolovská, Ostrava - Poruba",2 800 Kč/měsíc,moravskoslezsky-kraj,osobní,smíšená,,
Pronájem bytu 2+kk 38 m²,"tř. T. G. Masaryka, Frýdek-Místek - Frýdek",8 900 Kč/měsíc,moravskoslezsky-kraj,osobní,cihlová,,38 m
Pronájem bytu 2+kk 38 m²,"tř. T. G. Masaryka, Frýdek-Místek - Frýdek",8 900 Kč/měsíc,moravskoslezsky-kraj,osobní,cihlová,,
Pronájem skladovacích prostor 12 000 m²,"Mošnov, okres Nový Jičín",Cena na vyžádání,moravskoslezsky-kraj,skladovací prostory,smíšená,,12000 m
Pronájem skladovacích prostor 12 000 m²,"Mošnov, okres Nový Jičín",Cena na vyžádání,moravskoslezsky-kraj,skladovací prostory,smíšená,,
Prodej bytu 1+1 33 m²,Ostrava - Hrabůvka,1 800 000 Kč,moravskoslezsky-kraj,osobní,panelová,,33 m
Prodej bytu 1+1 33 m²,Ostrava - Hrabůvka,1 800 000 Kč,moravskoslezsky-kraj,osobní,panelová,,
Pronájem kanceláře 147 m²,"Hradní, Ostrava - Slezská Ostrava",18 522 Kč/měsíc,moravskoslezsky-kraj,kanceláře,cihlová,,147 m
Prodej bytu 2+1 52 m²,"Jičínská, Nový Jičín - Loučka",2 450 000 Kč,moravskoslezsky-kraj,osobní,panelová,,52 m
Pronájem kanceláře 147 m²,"Hradní, Ostrava - Slezská Ostrava",18 522 Kč/měsíc,moravskoslezsky-kraj,kanceláře,cihlová,,
Prodej bytu 2+1 52 m²,"Jičínská, Nový Jičín - Loučka",2 450 000 Kč,moravskoslezsky-kraj,osobní,panelová,,
Prodej domu 160 m² s pozemkem 1 235 m²,"Město Albrechtice - Linhartovy, okres Bruntál",4 400 000 Kč,moravskoslezsky-kraj,osobní,cihlová,1235 m,160 m
Prodej bytu 3+1 65 m²,"Jugoslávská, Ostrava - Zábřeh",2 990 000 Kč,moravskoslezsky-kraj,po rekonstrukci,panelová,,65 m
Prodej domu 160 m² s pozemkem 1 235 m²,"Město Albrechtice - Linhartovy, okres Bruntál",4 400 000 Kč,moravskoslezsky-kraj,osobní,cihlová,1235 m,
Prodej domu 160 m² s pozemkem 1 235 m²,"Město Albrechtice - Linhartovy, okres Bruntál",4 400 000 Kč,moravskoslezsky-kraj,osobní,cihlová,,160 m
Prodej domu 160 m² s pozemkem 1 235 m²,"Město Albrechtice - Linhartovy, okres Bruntál",4 400 000 Kč,moravskoslezsky-kraj,osobní,cihlová,,
Prodej bytu 3+1 65 m²,"Jugoslávská, Ostrava - Zábřeh",2 990 000 Kč,moravskoslezsky-kraj,po rekonstrukci,panelová,,
Prodej chaty/chalupy 50 m² s pozemkem 100 m²,Ostrava,1 300 000 Kč,moravskoslezsky-kraj,osobní,dřevěná,100 m,50 m
Prodej stavebního pozemku 5 413 m²,"Čeladná, okres Frýdek-Místek",4 350 000 Kč,moravskoslezsky-kraj,5413 m,osobní,,
Prodej domu 150 m² s pozemkem 2 139 m²,"Přívětice, okres Rokycany",Cena na vyžádání,plzensky-kraj,osobní,cihlová,2139 m,150 m
Prodej chaty/chalupy 50 m² s pozemkem 100 m²,Ostrava,1 300 000 Kč,moravskoslezsky-kraj,osobní,dřevěná,100 m,
Prodej chaty/chalupy 50 m² s pozemkem 100 m²,Ostrava,1 300 000 Kč,moravskoslezsky-kraj,osobní,dřevěná,,50 m
Prodej chaty/chalupy 50 m² s pozemkem 100 m²,Ostrava,1 300 000 Kč,moravskoslezsky-kraj,osobní,dřevěná,,
Prodej domu 150 m² s pozemkem 2 139 m²,"Přívětice, okres Rokycany",Cena na vyžádání,plzensky-kraj,osobní,cihlová,2139 m,
Prodej domu 150 m² s pozemkem 2 139 m²,"Přívětice, okres Rokycany",Cena na vyžádání,plzensky-kraj,osobní,cihlová,,150 m
Prodej domu 150 m² s pozemkem 2 139 m²,"Přívětice, okres Rokycany",Cena na vyžádání,plzensky-kraj,osobní,cihlová,,
Pronájem skladovacích prostor 3 160 m²,"Hřbitovní, Plzeň - Doubravka",316 295 Kč/měsíc,plzensky-kraj,skladovací prostory,smíšená,,3160 m
Pronájem skladovacích prostor 3 160 m²,"Hřbitovní, Plzeň - Doubravka",316 295 Kč/měsíc,plzensky-kraj,skladovací prostory,smíšená,,
Pronájem bytu 2+kk 61 m²,"Svatopluka Čecha, Starý Plzenec, okres Plzeň-město",12 700 Kč/měsíc,plzensky-kraj,novostavba,cihlová,,61 m
Prodej domu 220 m² s pozemkem 693 m²,"Sulislav, okres Tachov",3 764 000 Kč,plzensky-kraj,osobní,smíšená,693 m,220 m
Pronájem obchodních prostor 49 m²,"Slovanská, Plzeň - Východní Předměstí",8 900 Kč/měsíc,plzensky-kraj,osobní,cihlová,,49 m
Prodej domu 314 m² s pozemkem 247 m²,"Branská, Domažlice - Město",7 875 000 Kč,plzensky-kraj,osobní,cihlová,247 m,314 m
Pronájem bytu 2+kk 61 m²,"Svatopluka Čecha, Starý Plzenec, okres Plzeň-město",12 700 Kč/měsíc,plzensky-kraj,novostavba,cihlová,,
Prodej domu 220 m² s pozemkem 693 m²,"Sulislav, okres Tachov",3 764 000 Kč,plzensky-kraj,osobní,smíšená,693 m,
Prodej domu 220 m² s pozemkem 693 m²,"Sulislav, okres Tachov",3 764 000 Kč,plzensky-kraj,osobní,smíšená,,220 m
Prodej domu 220 m² s pozemkem 693 m²,"Sulislav, okres Tachov",3 764 000 Kč,plzensky-kraj,osobní,smíšená,,
Pronájem obchodních prostor 49 m²,"Slovanská, Plzeň - Východní Předměstí",8 900 Kč/měsíc,plzensky-kraj,osobní,cihlová,,
Prodej domu 314 m² s pozemkem 247 m²,"Branská, Domažlice - Město",7 875 000 Kč,plzensky-kraj,osobní,cihlová,247 m,
Prodej domu 314 m² s pozemkem 247 m²,"Branská, Domažlice - Město",7 875 000 Kč,plzensky-kraj,osobní,cihlová,,314 m
Prodej domu 314 m² s pozemkem 247 m²,"Branská, Domažlice - Město",7 875 000 Kč,plzensky-kraj,osobní,cihlová,,
Pronájem bytu 1+kk 32 m²,"Hodonínská, Plzeň - Severní Předměstí",8 000 Kč/měsíc,plzensky-kraj,osobní,panelová,,32 m
Pronájem bytu 1+kk 32 m²,"Hodonínská, Plzeň - Severní Předměstí",8 000 Kč/měsíc,plzensky-kraj,osobní,panelová,,
Prodej domu 135 m² s pozemkem 382 m²,"Starokdyňská, Kdyně, okres Domažlice",2 890 000 Kč,plzensky-kraj,osobní,cihlová,382 m,135 m
Prodej domu 135 m² s pozemkem 382 m²,"Starokdyňská, Kdyně, okres Domažlice",2 890 000 Kč,plzensky-kraj,osobní,cihlová,382 m,
Prodej domu 135 m² s pozemkem 382 m²,"Starokdyňská, Kdyně, okres Domažlice",2 890 000 Kč,plzensky-kraj,osobní,cihlová,,135 m
Prodej domu 135 m² s pozemkem 382 m²,"Starokdyňská, Kdyně, okres Domažlice",2 890 000 Kč,plzensky-kraj,osobní,cihlová,,
Prodej bytu 2+1 56 m²,"Na Výsluní, Kralovice, okres Plzeň-sever",2 200 000 Kč,plzensky-kraj,osobní,panelová,,56 m
Prodej bytu 2+1 56 m²,"Na Výsluní, Kralovice, okres Plzeň-sever",2 200 000 Kč,plzensky-kraj,osobní,panelová,,
Prodej domu 246 m² s pozemkem 1 154 m²,"Přimda - Třískolupy, okres Tachov",2 742 000 Kč,plzensky-kraj,osobní,cihlová,1154 m,246 m
Prodej stavebního pozemku 1 917 m²,"Planá - Svahy, okres Tachov",1 621 000 Kč,plzensky-kraj,,osobní,,
Prodej domu 246 m² s pozemkem 1 154 m²,"Přimda - Třískolupy, okres Tachov",2 742 000 Kč,plzensky-kraj,osobní,cihlová,1154 m,
Prodej domu 246 m² s pozemkem 1 154 m²,"Přimda - Třískolupy, okres Tachov",2 742 000 Kč,plzensky-kraj,osobní,cihlová,,246 m
Prodej domu 246 m² s pozemkem 1 154 m²,"Přimda - Třískolupy, okres Tachov",2 742 000 Kč,plzensky-kraj,osobní,cihlová,,
Prodej bytu 2+kk 105 m²,"Kotíkovská, Plzeň - Severní Předměstí",7 300 000 Kč,plzensky-kraj,dobrý stav,cihlová,,105 m
Prodej bytu 2+kk 105 m²,"Kotíkovská, Plzeň - Severní Předměstí",7 300 000 Kč,plzensky-kraj,dobrý stav,cihlová,,
Prodej chaty/chalupy 79 m² s pozemkem 912 m²,"Předenice, okres Plzeň-Jih",1 790 000 Kč,plzensky-kraj,osobní,smíšená,912 m,79 m
Pronájem bytu 1+1 50 m²,"Americká, Plzeň - Jižní Předměstí",10 000 Kč/měsíc,plzensky-kraj,osobní,cihlová,,50 m
Prodej chaty/chalupy 79 m² s pozemkem 912 m²,"Předenice, okres Plzeň-Jih",1 790 000 Kč,plzensky-kraj,osobní,smíšená,912 m,
Prodej chaty/chalupy 79 m² s pozemkem 912 m²,"Předenice, okres Plzeň-Jih",1 790 000 Kč,plzensky-kraj,osobní,smíšená,,79 m
Prodej chaty/chalupy 79 m² s pozemkem 912 m²,"Předenice, okres Plzeň-Jih",1 790 000 Kč,plzensky-kraj,osobní,smíšená,,
Pronájem bytu 1+1 50 m²,"Americká, Plzeň - Jižní Předměstí",10 000 Kč/měsíc,plzensky-kraj,osobní,cihlová,,
Prodej domu 255 m² s pozemkem 2 094 m²,"Politických vězňů, Mirošov, okres Rokycany",6 050 000 Kč,plzensky-kraj,řadový,cihlová,2094 m,255 m
Prodej domu 255 m² s pozemkem 2 094 m²,"Politických vězňů, Mirošov, okres Rokycany",6 050 000 Kč,plzensky-kraj,řadový,cihlová,2094 m,
Prodej domu 255 m² s pozemkem 2 094 m²,"Politických vězňů, Mirošov, okres Rokycany",6 050 000 Kč,plzensky-kraj,řadový,cihlová,,255 m
Prodej domu 255 m² s pozemkem 2 094 m²,"Politických vězňů, Mirošov, okres Rokycany",6 050 000 Kč,plzensky-kraj,řadový,cihlová,,
Prodej louky 3 003 m²,"Tymákov, okres Plzeň-město",1 570 000 Kč,plzensky-kraj,,3003 m,,
Prodej chaty/chalupy s pozemkem 256 m²,"Újezd nade Mží, okres Plzeň-sever",790 000 Kč,plzensky-kraj,samota,dřevěná,256 m,
Prodej chaty/chalupy s pozemkem 256 m²,"Újezd nade Mží, okres Plzeň-sever",790 000 Kč,plzensky-kraj,samota,dřevěná,,
Pronájem skladovacích prostor 3 900 m²,"Kyšice, okres Plzeň-město",Cena na vyžádání,plzensky-kraj,skladovací prostory,smíšená,,3900 m
Pronájem skladovacích prostor 3 900 m²,"Kyšice, okres Plzeň-město",Cena na vyžádání,plzensky-kraj,skladovací prostory,smíšená,,
Prodej bytu 2+kk 47 m²,"Žežická, Ústí nad Labem - Krásné Březno",1 280 000 Kč,ustecky-kraj,dobrý stav,panelová,,47 m
Prodej domu 118 m² s pozemkem 3 719 m²,"Dnešice, okres Plzeň-Jih",6 790 000 Kč,plzensky-kraj,osobní,cihlová,3719 m,118 m
Prodej bytu 2+kk 47 m²,"Žežická, Ústí nad Labem - Krásné Březno",1 280 000 Kč,ustecky-kraj,dobrý stav,panelová,,
Prodej domu 118 m² s pozemkem 3 719 m²,"Dnešice, okres Plzeň-Jih",6 790 000 Kč,plzensky-kraj,osobní,cihlová,3719 m,
Prodej domu 118 m² s pozemkem 3 719 m²,"Dnešice, okres Plzeň-Jih",6 790 000 Kč,plzensky-kraj,osobní,cihlová,,118 m
Prodej domu 118 m² s pozemkem 3 719 m²,"Dnešice, okres Plzeň-Jih",6 790 000 Kč,plzensky-kraj,osobní,cihlová,,
Prodej bytu 3+1 68 m²,"Vroutek - Mlýnce, okres Louny",1 790 000 Kč,ustecky-kraj,osobní,smíšená,,68 m
Pronájem kanceláře 30 m²,"Kopeckého sady, Plzeň - Vnitřní Město",14 900 Kč/měsíc,plzensky-kraj,kanceláře,cihlová,,30 m
Prodej bytu 3+1 68 m²,"Vroutek - Mlýnce, okres Louny",1 790 000 Kč,ustecky-kraj,osobní,smíšená,,
Pronájem kanceláře 30 m²,"Kopeckého sady, Plzeň - Vnitřní Město",14 900 Kč/měsíc,plzensky-kraj,kanceláře,cihlová,,
Prodej komerčního pozemku 32 759 m²,"Očihov, okres Louny",Cena na vyžádání,ustecky-kraj,,32759 m,,
Prodej komerčního pozemku 2 268 m²,"Okružní, Most",3 538 000 Kč,ustecky-kraj,,2268 m,,
Prodej pole 14 779 m²,"Obrnice, okres Most",810 000 Kč,ustecky-kraj,,14779 m,,
Prodej domu 400 m² s pozemkem 1 323 m²,"Štětí - Chcebuz, okres Litoměřice",1 600 000 Kč,ustecky-kraj,osobní,smíšená,1323 m,400 m
Prodej domu 400 m² s pozemkem 1 323 m²,"Štětí - Chcebuz, okres Litoměřice",1 600 000 Kč,ustecky-kraj,osobní,smíšená,1323 m,
Prodej domu 400 m² s pozemkem 1 323 m²,"Štětí - Chcebuz, okres Litoměřice",1 600 000 Kč,ustecky-kraj,osobní,smíšená,,400 m
Prodej domu 400 m² s pozemkem 1 323 m²,"Štětí - Chcebuz, okres Litoměřice",1 600 000 Kč,ustecky-kraj,osobní,smíšená,,
Pronájem komerčního objektu (jiného typu) 130 m²,"Palachova, Ústí nad Labem - Klíše",Cena na vyžádání,ustecky-kraj,osobní,cihlová,,130 m
Pronájem komerčního objektu (jiného typu) 130 m²,"Palachova, Ústí nad Labem - Klíše",Cena na vyžádání,ustecky-kraj,osobní,cihlová,,
Prodej bytu 2+1 60 m²,"Matěje Kopeckého, Chomutov",1 899 000 Kč,ustecky-kraj,osobní,panelová,,60 m
Prodej domu 130 m² s pozemkem 366 m²,"Libočany, okres Louny",2 750 000 Kč,ustecky-kraj,v bloku,smíšená,366 m,130 m
Prodej bytu 2+1 60 m²,"Matěje Kopeckého, Chomutov",1 899 000 Kč,ustecky-kraj,osobní,panelová,,
Prodej domu 130 m² s pozemkem 366 m²,"Libočany, okres Louny",2 750 000 Kč,ustecky-kraj,v bloku,smíšená,366 m,
Prodej domu 130 m² s pozemkem 366 m²,"Libočany, okres Louny",2 750 000 Kč,ustecky-kraj,v bloku,smíšená,,130 m
Prodej domu 130 m² s pozemkem 366 m²,"Libočany, okres Louny",2 750 000 Kč,ustecky-kraj,v bloku,smíšená,,
Prodej zahrady 312 m²,"Žatec, okres Louny",990 000 Kč,ustecky-kraj,312 m,osobní,,
Prodej domu 56 m² s pozemkem 990 m²,"Blatno, okres Louny",2 900 000 Kč,ustecky-kraj,osobní,smíšená,990 m,56 m
Prodej domu 56 m² s pozemkem 990 m²,"Blatno, okres Louny",2 900 000 Kč,ustecky-kraj,osobní,smíšená,990 m,
Prodej domu 56 m² s pozemkem 990 m²,"Blatno, okres Louny",2 900 000 Kč,ustecky-kraj,osobní,smíšená,,56 m
Prodej domu 56 m² s pozemkem 990 m²,"Blatno, okres Louny",2 900 000 Kč,ustecky-kraj,osobní,smíšená,,
Prodej bytu 3+1 61 m²,"Borová, Chomutov",1 370 000 Kč,ustecky-kraj,družstevní,panelová,,61 m
Prodej bytu 3+1 61 m²,"Borová, Chomutov",1 370 000 Kč,ustecky-kraj,družstevní,panelová,,
Pronájem bytu 1+1 35 m²,"Jirkovská, Chomutov",6 500 Kč/měsíc,ustecky-kraj,po rekonstrukci,panelová,,35 m
Prodej bytu 2+kk 47 m²,"Prosetická, Teplice - Prosetice",850 000 Kč,ustecky-kraj,družstevní,panelová,,47 m
Pronájem bytu 1+1 35 m²,"Jirkovská, Chomutov",6 500 Kč/měsíc,ustecky-kraj,po rekonstrukci,panelová,,
Prodej bytu 2+kk 47 m²,"Prosetická, Teplice - Prosetice",850 000 Kč,ustecky-kraj,družstevní,panelová,,
Prodej chaty/chalupy 75 m²,"Vrbno nad Lesy, okres Louny",2 790 000 Kč,ustecky-kraj,osobní,smíšená,,75 m
Prodej chaty/chalupy 75 m²,"Vrbno nad Lesy, okres Louny",2 790 000 Kč,ustecky-kraj,osobní,smíšená,,
Pronájem skladovacích prostor 3 525 m²,"Mlýnská, Hostomice, okres Teplice",Cena na vyžádání,ustecky-kraj,skladovací prostory,smíšená,,3525 m
Pronájem skladovacích prostor 3 525 m²,"Mlýnská, Hostomice, okres Teplice",Cena na vyžádání,ustecky-kraj,skladovací prostory,smíšená,,
Pronájem bytu 2+1 38 m²,"Jaroslava Vrchlického, Žatec, okres Louny",9 200 Kč/měsíc,ustecky-kraj,osobní,panelová,,38 m
Pronájem bytu 2+1 38 m²,"Jaroslava Vrchlického, Žatec, okres Louny",9 200 Kč/měsíc,ustecky-kraj,osobní,panelová,,
Prodej domu 112 m² s pozemkem 2 225 m²,"Košťálov - Kundratice, okres Semily",4 500 000 Kč,liberecky-kraj,osobní,cihlová,2225 m,112 m
Prodej domu 112 m² s pozemkem 2 225 m²,"Košťálov - Kundratice, okres Semily",4 500 000 Kč,liberecky-kraj,osobní,cihlová,2225 m,
Prodej domu 112 m² s pozemkem 2 225 m²,"Košťálov - Kundratice, okres Semily",4 500 000 Kč,liberecky-kraj,osobní,cihlová,,112 m
Prodej domu 112 m² s pozemkem 2 225 m²,"Košťálov - Kundratice, okres Semily",4 500 000 Kč,liberecky-kraj,osobní,cihlová,,
Pronájem kanceláře 84 m²,"Husovo náměstí, Chabařovice, okres Ústí nad Labem",11 500 Kč/měsíc,ustecky-kraj,s.r.o.,cihlová,,84 m
Prodej chaty/chalupy 70 m² s pozemkem 400 m²,"Český Jiřetín, okres Most",2 390 000 Kč,ustecky-kraj,osobní,smíšená,400 m,70 m
Pronájem kanceláře 84 m²,"Husovo náměstí, Chabařovice, okres Ústí nad Labem",11 500 Kč/měsíc,ustecky-kraj,s.r.o.,cihlová,,
Prodej chaty/chalupy 70 m² s pozemkem 400 m²,"Český Jiřetín, okres Most",2 390 000 Kč,ustecky-kraj,osobní,smíšená,400 m,
Prodej chaty/chalupy 70 m² s pozemkem 400 m²,"Český Jiřetín, okres Most",2 390 000 Kč,ustecky-kraj,osobní,smíšená,,70 m
Prodej chaty/chalupy 70 m² s pozemkem 400 m²,"Český Jiřetín, okres Most",2 390 000 Kč,ustecky-kraj,osobní,smíšená,,
Pronájem bytu 2+1 75 m²,"Mariánská, Česká Lípa",10 000 Kč/měsíc,liberecky-kraj,osobní,cihlová,,75 m
Pronájem bytu 2+1 75 m²,"Mariánská, Česká Lípa",10 000 Kč/měsíc,liberecky-kraj,osobní,cihlová,,
Prodej domu 260 m² s pozemkem 126 m²,"Mariánská, Česká Lípa",Cena na vyžádání,liberecky-kraj,řadový,cihlová,126 m,260 m
Prodej stavebního pozemku 5 824 m²,"Karlovice, okres Semily",3 599 000 Kč,liberecky-kraj,,osobní,,
Prodej domu 260 m² s pozemkem 126 m²,"Mariánská, Česká Lípa",Cena na vyžádání,liberecky-kraj,řadový,cihlová,126 m,
Prodej domu 260 m² s pozemkem 126 m²,"Mariánská, Česká Lípa",Cena na vyžádání,liberecky-kraj,řadový,cihlová,,260 m
Prodej domu 260 m² s pozemkem 126 m²,"Mariánská, Česká Lípa",Cena na vyžádání,liberecky-kraj,řadový,cihlová,,
Prodej domu 130 m² s pozemkem 155 m²,"P. Bezruče, Hejnice, okres Liberec",Cena na vyžádání,liberecky-kraj,řadový,smíšená,155 m,130 m
Pronájem bytu 2+kk 48 m²,"Lidická, Hrádek nad Nisou, okres Liberec",6 900 Kč/měsíc,liberecky-kraj,dobrý stav,cihlová,,48 m
Prodej stavebního pozemku 1 889 m²,"Holany, okres Česká Lípa",3 400 200 Kč,liberecky-kraj,veřejná kanalizace,předměstí,,
Prodej stavebního pozemku 1 474 m²,"Holany, okres Česká Lípa",2 653 200 Kč,liberecky-kraj,beton,předměstí,,
Prodej domu 130 m² s pozemkem 155 m²,"P. Bezruče, Hejnice, okres Liberec",Cena na vyžádání,liberecky-kraj,řadový,smíšená,155 m,
Prodej domu 130 m² s pozemkem 155 m²,"P. Bezruče, Hejnice, okres Liberec",Cena na vyžádání,liberecky-kraj,řadový,smíšená,,130 m
Prodej domu 130 m² s pozemkem 155 m²,"P. Bezruče, Hejnice, okres Liberec",Cena na vyžádání,liberecky-kraj,řadový,smíšená,,
Pronájem bytu 2+kk 48 m²,"Lidická, Hrádek nad Nisou, okres Liberec",6 900 Kč/měsíc,liberecky-kraj,dobrý stav,cihlová,,
Pronájem bytu 2+kk 100 m²,"Růžová, Liberec - Liberec II-Nové Město",15 500 Kč/měsíc,liberecky-kraj,po rekonstrukci,cihlová,,100 m
Prodej stavebního pozemku 2 523 m²,"Holany, okres Česká Lípa",4 919 850 Kč,liberecky-kraj,,předměstí,,
Pronájem restaurace 231 m²,"náměstí 1. máje, Chrastava, okres Liberec",25 000 Kč/měsíc,liberecky-kraj,osobní,cihlová,,231 m
Prodej domu 99 m² s pozemkem 200 m²,"Stráž nad Nisou, okres Liberec",8 860 000 Kč,liberecky-kraj,osobní,cihlová,200 m,99 m
Pronájem bytu 2+kk 100 m²,"Růžová, Liberec - Liberec II-Nové Město",15 500 Kč/měsíc,liberecky-kraj,po rekonstrukci,cihlová,,
Pronájem restaurace 231 m²,"náměstí 1. máje, Chrastava, okres Liberec",25 000 Kč/měsíc,liberecky-kraj,osobní,cihlová,,
Prodej domu 99 m² s pozemkem 200 m²,"Stráž nad Nisou, okres Liberec",8 860 000 Kč,liberecky-kraj,osobní,cihlová,200 m,
Prodej domu 99 m² s pozemkem 200 m²,"Stráž nad Nisou, okres Liberec",8 860 000 Kč,liberecky-kraj,osobní,cihlová,,99 m
Prodej domu 99 m² s pozemkem 200 m²,"Stráž nad Nisou, okres Liberec",8 860 000 Kč,liberecky-kraj,osobní,cihlová,,
"Exkluzivně prodej garáže o ploše 25 m2, Česká Lípa, Vrchlického ulice","Vrchlického, Česká Lípa",455 000 Kč,liberecky-kraj,,,,
Pronájem výrobních prostor 260 m²,"U Kartounky, Česká Lípa",25 000 Kč/měsíc,liberecky-kraj,výrobní prostory,cihlová,6667 m,260 m
Pronájem výrobních prostor 250 m²,"Mařenice, okres Česká Lípa",25 000 Kč/měsíc,liberecky-kraj,osobní,cihlová,,250 m
Pronájem bytu 1+kk 55 m²,"Růžová, Liberec - Liberec II-Nové Město",10 000 Kč/měsíc,liberecky-kraj,po rekonstrukci,cihlová,,55 m
Pronájem výrobních prostor 260 m²,"U Kartounky, Česká Lípa",25 000 Kč/měsíc,liberecky-kraj,výrobní prostory,cihlová,6667 m,
Pronájem výrobních prostor 260 m²,"U Kartounky, Česká Lípa",25 000 Kč/měsíc,liberecky-kraj,výrobní prostory,cihlová,,260 m
Pronájem výrobních prostor 260 m²,"U Kartounky, Česká Lípa",25 000 Kč/měsíc,liberecky-kraj,výrobní prostory,cihlová,,
Pronájem výrobních prostor 250 m²,"Mařenice, okres Česká Lípa",25 000 Kč/měsíc,liberecky-kraj,osobní,cihlová,,
Pronájem bytu 1+kk 55 m²,"Růžová, Liberec - Liberec II-Nové Město",10 000 Kč/měsíc,liberecky-kraj,po rekonstrukci,cihlová,,
Prodej zahrady 202 m²,"U Obrázku, Liberec - Liberec XIV-Ruprechtice",590 000 Kč,liberecky-kraj,202 m,osobní,,
Prodej bytu 5+kk 181 m²,Praha,44 900 000 Kč,praha,dobrý stav,smíšená,,181 m
Prodej bytu 5+kk 181 m²,Praha,44 900 000 Kč,praha,dobrý stav,smíšená,,
Prodej bytu 5+kk 204 m²,"V kolkovně, Praha 1 - Staré Město",Cena na vyžádání,praha,po rekonstrukci,smíšená,,204 m
Prodej bytu 5+kk 204 m²,"V kolkovně, Praha 1 - Staré Město",Cena na vyžádání,praha,po rekonstrukci,smíšená,,
Prodej bytu 4+kk 198 m²,"Helénská, Praha 2 - Vinohrady",Cena na vyžádání,praha,po rekonstrukci,smíšená,,198 m
Prodej bytu 4+kk 191 m²,"Helénská, Praha 2 - Vinohrady",Cena na vyžádání,praha,po rekonstrukci,smíšená,,191 m
Prodej bytu 4+kk 135 m²,Praha,29 500 000 Kč,praha,dobrý stav,smíšená,,135 m
Prodej bytu 4+kk 198 m²,"Helénská, Praha 2 - Vinohrady",Cena na vyžádání,praha,po rekonstrukci,smíšená,,
Prodej bytu 4+kk 191 m²,"Helénská, Praha 2 - Vinohrady",Cena na vyžádání,praha,po rekonstrukci,smíšená,,
Prodej bytu 4+kk 135 m²,Praha,29 500 000 Kč,praha,dobrý stav,smíšená,,
Prodej bytu 2+kk 56 m²,"Formanská, Praha 4 - Újezd u Průhonic",7 050 000 Kč,praha,novostavba,smíšená,,56 m
Prodej bytu 4+kk 101 m²,"Formanská, Praha 4 - Újezd u Průhonic",12 700 000 Kč,praha,novostavba,smíšená,,101 m
Prodej bytu 2+kk 56 m²,"Formanská, Praha 4 - Újezd u Průhonic",7 050 000 Kč,praha,novostavba,smíšená,,
Prodej bytu 4+kk 101 m²,"Formanská, Praha 4 - Újezd u Průhonic",12 700 000 Kč,praha,novostavba,smíšená,,
Prodej bytu 5+kk 293 m²,"Nad lomem, Praha 4 - Braník",Cena na vyžádání,praha,dobrý stav,skeletová,,293 m
Prodej bytu 5+kk 293 m²,"Nad lomem, Praha 4 - Braník",Cena na vyžádání,praha,dobrý stav,skeletová,,
Prodej bytu 4+kk 135 m²,"Mezitraťová, Praha 9",Cena na vyžádání,praha,dobrý stav,smíšená,,135 m
Prodej bytu 3+kk 100 m²,"Helénská, Praha 2 - Vinohrady",Cena na vyžádání,praha,po rekonstrukci,smíšená,,100 m
Prodej bytu 4+kk 135 m²,"Mezitraťová, Praha 9",Cena na vyžádání,praha,dobrý stav,smíšená,,
Prodej zahrady 400 m²,"U Obrázku, Liberec - Liberec XIV-Ruprechtice",1 090 000 Kč,liberecky-kraj,400 m,osobní,,
Prodej bytu 3+kk 100 m²,"Helénská, Praha 2 - Vinohrady",Cena na vyžádání,praha,po rekonstrukci,smíšená,,
Prodej bytu 1+kk 37 m²,"Zásada, okres Jablonec nad Nisou",1 800 000 Kč,liberecky-kraj,osobní,cihlová,,37 m
Prodej bytu 2+kk 68 m²,"Nad Vavrouškou, Praha 8 - Troja",9 900 000 Kč,praha,dobrý stav,cihlová,,68 m
Prodej bytu 1+kk 37 m²,"Zásada, okres Jablonec nad Nisou",1 800 000 Kč,liberecky-kraj,osobní,cihlová,,
Prodej bytu 2+kk 68 m²,"Nad Vavrouškou, Praha 8 - Troja",9 900 000 Kč,praha,dobrý stav,cihlová,,
Prodej domu 107 m² s pozemkem 189 m²,"Hůlkova, Praha 9",13 440 000 Kč,praha,osobní,cihlová,189 m,107 m
Prodej domu 107 m² s pozemkem 189 m²,"Hůlkova, Praha 9",13 440 000 Kč,praha,osobní,cihlová,189 m,
Prodej domu 107 m² s pozemkem 189 m²,"Hůlkova, Praha 9",13 440 000 Kč,praha,osobní,cihlová,,107 m
Prodej domu 107 m² s pozemkem 189 m²,"Hůlkova, Praha 9",13 440 000 Kč,praha,osobní,cihlová,,
Prodej domu 152 m² s pozemkem 229 m²,"Hůlkova, Praha 9",18 130 000 Kč,praha,osobní,cihlová,229 m,152 m
Prodej domu 152 m² s pozemkem 229 m²,"Hůlkova, Praha 9",18 130 000 Kč,praha,osobní,cihlová,229 m,
Prodej domu 152 m² s pozemkem 229 m²,"Hůlkova, Praha 9",18 130 000 Kč,praha,osobní,cihlová,,152 m
Prodej domu 152 m² s pozemkem 229 m²,"Hůlkova, Praha 9",18 130 000 Kč,praha,osobní,cihlová,,
Prodej bytu 1+kk 30 m²,"Bulharská, Praha 10 - Vršovice, okres Praha",4 500 000 Kč,praha,s.r.o.,cihlová,,30 m
Prodej bytu 1+kk 30 m²,"Bulharská, Praha 10 - Vršovice, okres Praha",4 500 000 Kč,praha,s.r.o.,cihlová,,
Pronájem bytu 2+kk 44 m²,"Hollarovo náměstí, Praha 3 - Vinohrady",13 000 Kč/měsíc,praha,osobní,cihlová,,44 m
Pronájem bytu 2+kk 44 m²,"Hollarovo náměstí, Praha 3 - Vinohrady",13 000 Kč/měsíc,praha,osobní,cihlová,,
Prodej bytu 3+1 108 m²,"Saská, Praha 1 - Malá Strana",Cena na vyžádání,praha,osobní,cihlová,,108 m
Prodej bytu 3+1 108 m²,"Saská, Praha 1 - Malá Strana",Cena na vyžádání,praha,osobní,cihlová,,
Pronájem kanceláře 62 m²,"Na strži, Praha 4 - Nusle",26 164 Kč/měsíc,praha,kanceláře,smíšená,,62 m
Pronájem kanceláře 62 m²,"Na strži, Praha 4 - Nusle",26 164 Kč/měsíc,praha,kanceláře,smíšená,,
Pronájem bytu 2+kk 55 m²,"Choceradská, Praha 4 - Záběhlice",11 000 Kč/měsíc,praha,osobní,panelová,,55 m
Pronájem bytu 2+kk 55 m²,"Choceradská, Praha 4 - Záběhlice",11 000 Kč/měsíc,praha,osobní,panelová,,
Pronájem komerčního objektu (jiného typu) 1 000 m²,"Kladruby nad Labem, okres Pardubice",10 000 Kč/měsíc,pardubicky-kraj,jiného typu,smíšená,1000 m,1000 m
Pronájem komerčního objektu (jiného typu) 1 000 m²,"Kladruby nad Labem, okres Pardubice",10 000 Kč/měsíc,pardubicky-kraj,jiného typu,smíšená,1000 m,
Pronájem komerčního objektu (jiného typu) 1 000 m²,"Kladruby nad Labem, okres Pardubice",10 000 Kč/měsíc,pardubicky-kraj,jiného typu,smíšená,,1000 m
Pronájem komerčního objektu (jiného typu) 1 000 m²,"Kladruby nad Labem, okres Pardubice",10 000 Kč/měsíc,pardubicky-kraj,jiného typu,smíšená,,
Prodej bytu 3+1 77 m²,"Na Větrníku, Chrudim - Chrudim IV",3 920 000 Kč,pardubicky-kraj,dobrý stav,panelová,,77 m
Prodej bytu 3+1 77 m²,"Na Větrníku, Chrudim - Chrudim IV",3 920 000 Kč,pardubicky-kraj,dobrý stav,panelová,,
Prodej domu 200 m² s pozemkem 243 m²,"Tkalcovská, Bystré, okres Svitavy",3 250 000 Kč,pardubicky-kraj,osobní,cihlová,243 m,200 m
Prodej domu 200 m² s pozemkem 243 m²,"Tkalcovská, Bystré, okres Svitavy",3 250 000 Kč,pardubicky-kraj,osobní,cihlová,243 m,
Prodej domu 200 m² s pozemkem 243 m²,"Tkalcovská, Bystré, okres Svitavy",3 250 000 Kč,pardubicky-kraj,osobní,cihlová,,200 m
Prodej domu 200 m² s pozemkem 243 m²,"Tkalcovská, Bystré, okres Svitavy",3 250 000 Kč,pardubicky-kraj,osobní,cihlová,,
Prodej stavebního pozemku 1 401 m²,"Včelákov, okres Chrudim",1 106 790 Kč,pardubicky-kraj,,osobní,,
Prodej domu 302 m² s pozemkem 1 044 m²,"Kamenec u Poličky, okres Svitavy",3 890 000 Kč,pardubicky-kraj,samostatný,cihlová,1044 m,302 m
Prodej domu 180 m² s pozemkem 809 m²,"Barchov, okres Pardubice",2 490 000 Kč,pardubicky-kraj,osobní,cihlová,809 m,180 m
Prodej domu 302 m² s pozemkem 1 044 m²,"Kamenec u Poličky, okres Svitavy",3 890 000 Kč,pardubicky-kraj,samostatný,cihlová,1044 m,
Prodej domu 302 m² s pozemkem 1 044 m²,"Kamenec u Poličky, okres Svitavy",3 890 000 Kč,pardubicky-kraj,samostatný,cihlová,,302 m
Prodej domu 302 m² s pozemkem 1 044 m²,"Kamenec u Poličky, okres Svitavy",3 890 000 Kč,pardubicky-kraj,samostatný,cihlová,,
Prodej domu 180 m² s pozemkem 809 m²,"Barchov, okres Pardubice",2 490 000 Kč,pardubicky-kraj,osobní,cihlová,809 m,
Prodej domu 180 m² s pozemkem 809 m²,"Barchov, okres Pardubice",2 490 000 Kč,pardubicky-kraj,osobní,cihlová,,180 m
Prodej domu 180 m² s pozemkem 809 m²,"Barchov, okres Pardubice",2 490 000 Kč,pardubicky-kraj,osobní,cihlová,,
Prodej obchodních prostor 1 286 m²,"Ke Mlýnu, Pardubice - Staré Čívice",32 999 000 Kč,pardubicky-kraj,obchodní prostory,smíšená,6206 m,1286 m
Prodej obchodních prostor 1 286 m²,"Ke Mlýnu, Pardubice - Staré Čívice",32 999 000 Kč,pardubicky-kraj,obchodní prostory,smíšená,6206 m,
Prodej obchodních prostor 1 286 m²,"Ke Mlýnu, Pardubice - Staré Čívice",32 999 000 Kč,pardubicky-kraj,obchodní prostory,smíšená,,1286 m
Prodej obchodních prostor 1 286 m²,"Ke Mlýnu, Pardubice - Staré Čívice",32 999 000 Kč,pardubicky-kraj,obchodní prostory,smíšená,,
Pronájem kanceláře 138 m²,"Pivovarská, Praha 5 - Smíchov",59 000 Kč/měsíc,praha,kanceláře,smíšená,,138 m
Pronájem kanceláře 138 m²,"Pivovarská, Praha 5 - Smíchov",59 000 Kč/měsíc,praha,kanceláře,smíšená,,
Pronájem bytu 3+kk 68 m²,"Tylova, Žamberk, okres Ústí nad Orlicí",10 000 Kč/měsíc,pardubicky-kraj,osobní,cihlová,,68 m
Pronájem bytu 3+kk 68 m²,"Tylova, Žamberk, okres Ústí nad Orlicí",10 000 Kč/měsíc,pardubicky-kraj,osobní,cihlová,,
Prodej chaty/chalupy 229 m² s pozemkem 2 764 m²,"Mladkov, okres Ústí nad Orlicí",5 490 000 Kč,pardubicky-kraj,samostatný,smíšená,2764 m,229 m
Prodej chaty/chalupy 229 m² s pozemkem 2 764 m²,"Mladkov, okres Ústí nad Orlicí",5 490 000 Kč,pardubicky-kraj,samostatný,smíšená,2764 m,
Prodej chaty/chalupy 229 m² s pozemkem 2 764 m²,"Mladkov, okres Ústí nad Orlicí",5 490 000 Kč,pardubicky-kraj,samostatný,smíšená,,229 m
Prodej chaty/chalupy 229 m² s pozemkem 2 764 m²,"Mladkov, okres Ústí nad Orlicí",5 490 000 Kč,pardubicky-kraj,samostatný,smíšená,,
Pronájem bytu 2+kk 65 m²,"Větrná, Svitavy - Lány",13 000 Kč/měsíc,pardubicky-kraj,družstevní,smíšená,,65 m
Prodej domu 130 m² s pozemkem 906 m²,"Zájezdec, okres Chrudim",8 890 000 Kč,pardubicky-kraj,samostatný,smíšená,906 m,130 m
Pronájem bytu 2+kk 65 m²,"Větrná, Svitavy - Lány",13 000 Kč/měsíc,pardubicky-kraj,družstevní,smíšená,,
Prodej domu 130 m² s pozemkem 906 m²,"Zájezdec, okres Chrudim",8 890 000 Kč,pardubicky-kraj,samostatný,smíšená,906 m,
Prodej domu 130 m² s pozemkem 906 m²,"Zájezdec, okres Chrudim",8 890 000 Kč,pardubicky-kraj,samostatný,smíšená,,130 m
Prodej domu 130 m² s pozemkem 906 m²,"Zájezdec, okres Chrudim",8 890 000 Kč,pardubicky-kraj,samostatný,smíšená,,
Pronájem bytu 4+kk 130 m²,"Hronovická, Pardubice - Zelené Předměstí",15 000 Kč/měsíc,pardubicky-kraj,osobní,cihlová,,130 m
Prodej domu 90 m² s pozemkem 543 m²,"Talafusova, Vysoké Mýto - Litomyšlské Předměstí, okres Ústí nad Orlicí",4 242 000 Kč,pardubicky-kraj,osobní,cihlová,543 m,90 m
Pronájem bytu 4+kk 130 m²,"Hronovická, Pardubice - Zelené Předměstí",15 000 Kč/měsíc,pardubicky-kraj,osobní,cihlová,,
Prodej domu 90 m² s pozemkem 543 m²,"Talafusova, Vysoké Mýto - Litomyšlské Předměstí, okres Ústí nad Orlicí",4 242 000 Kč,pardubicky-kraj,osobní,cihlová,543 m,
Prodej domu 90 m² s pozemkem 543 m²,"Talafusova, Vysoké Mýto - Litomyšlské Předměstí, okres Ústí nad Orlicí",4 242 000 Kč,pardubicky-kraj,osobní,cihlová,,90 m
Prodej domu 90 m² s pozemkem 543 m²,"Talafusova, Vysoké Mýto - Litomyšlské Předměstí, okres Ústí nad Orlicí",4 242 000 Kč,pardubicky-kraj,osobní,cihlová,,
